ID,Severity,Module,Symptom,Reproduction,Expected,Actual,Evidence,Root cause,Proposed minimal fix,Required migration,Required test,Rollback risk,Status
P0-01,P0,platform-data,Anyone with anon/publishable key can read/write all module JSON stores,Call PostgREST select/upsert on public.app_data_store with anon key,RLS denies anon; only trusted server roles write,Policies USING/WITH CHECK true for anon+authenticated,"pg_policy on app_data_store; list_tables; inspection-center/src/lib/store/remote.ts",Open RLS on shared KV store,Revoke anon; allow service_role only; modules use admin client,Yes RLS,RLS anon deny integration,Low-Medium,Open
P0-02,P0,portal-embed,Embed HMAC uses known fallback secret,Omit POLICY_EMBED_SECRET/INSPECTION_EMBED_SECRET and forge claims,Fail closed without strong secret,Hardcoded inspect-platform-policy-embed-v1 always wins in || chain,"inspect-mn/src/lib/policy-embed.ts signSecret; inspection-embed-server.ts",Hardcoded secret before service role,Require env secrets; remove literal; rotate,No,Unit forge fails,Low,Open
P0-03,P0,org-isolation,No DB isolation of unit/org data in stores,Authenticated or anon read of inspection_center_store / policy_compliance_db,Tenant/unit cannot see others at DB,Full payload shared; JS filters only,"app_data_store schema; scope.ts in-memory filter",JSON mega-row + open RLS,After P0-01 lock store; later split keys or relational RLS,Maybe later,Cross-unit negative tests,Medium,Open
P1-01,P1,inspection+policy,Works locally then empty/stale/500 on Vercel,Deploy without remote seed or with preferRemoteStore,Same data as local,Local FS vs Vercel app_data_store,"preferRemoteStore VERCEL; remote-store.ts; gitignored data/",Dual persistence,Runbook sync local→remote; health check keys exist,No,Preview smoke persistence,Low,Open
P1-02,P1,deploy,GitHub update does not update module production,Push monorepo; observe module Vercel last deploy age,Auto deploy all apps,Only linked apps deploy; CLI needed historically,"docs/VERCEL_DEPLOYMENT.md; prior CLI deploy notes",Missing Git root links,Link each Vercel project Root Directory,No,Deploy smoke runtime-info,Low,Open
P1-03,P1,env-parity,Wrong Supabase project breaks auth or SmartMine,Mis-set NEXT_PUBLIC_SUPABASE_URL vs SMARTMINE_*,Portal always inspect-bteg umsw…,Possible mix with hlidcdaaxmdhisdfkaca,"docs/SUPABASE_CONNECTION.md; smartmine/env.ts",Dual projects,runtime-info masked ref guard,No,CI env assert,Low,Open
P1-04,P1,auth,Intermittent redirect to login,Slow getUser >8s or thrown error,Retry or soft fail,Treated as logged out,"middleware.ts getUserWithTimeout",Timeout/null=unauthenticated,Retry+metrics; fail differently,No,E2E session under latency,Low,Open
P1-05,P1,migrations,Git migration not in remote list,Compare 20260817_add_smartmine_permission.sql to list_migrations,Histories match,File in Git absent from remote versions,"inspect-mn/supabase/migrations; MCP list_migrations",Drift / manual apply,Reconcile migration history,Maybe,Migration inventory CI,Low,Open
P1-06,P1,admin,Approve/settings writes fail in prod,Unset SUPABASE_SERVICE_ROLE_KEY on Vercel,Admin flows work,Errors or silent fallback to user client,"admin.ts; access-requests route; guidance store prod throw",Missing server secret,Require key in prod checklist,No,Admin approve integration,Low,Open
P1-07,P1,security-rpc,SECURITY DEFINER RPCs executable by anon,Call /rest/v1/rpc/is_portal_admin as anon,Anon cannot execute,Advisor WARN executable,"Supabase security advisors 2026-09-04",Over-granted EXECUTE,Revoke anon execute,Yes grants,RPC anon deny,Low,Open
P2-01,P2,performance,Slow pages as data grows,Load findings dashboard with large store,Indexed/partial fetch,Full JSON load + JS aggregate,"live-sidebar-dashboard.ts; remote select payload",Monolithic store,Split keys or SQL extract,Design,Perf budget test,Medium,Open
P2-02,P2,performance,Auth/store latency,Portal functions far from ap-southeast-2,Co-located region,iad1 vs ap-southeast-2 evidenced in prior builds,Vercel build region notes + project region,Cross-region RTT,Evaluate Vercel region,No,Latency metrics,Low,Open
P2-03,P2,concurrency,Lost updates on store,Two users save inspection store,Conditional merge,Unconditional upsert in inspection remote,"saveRemotePayload remote.ts vs policy IfMatch",Last-write-wins,Etag/conditional upsert,No,Concurrent write test,Low,Open
P2-04,P2,rls-perf,RLS initplan re-eval,Advisor on user_profiles and grants policies,select auth.uid() wrap,auth.uid() per row,"performance advisors auth_rls_initplan",InitPlan anti-pattern,Rewrite policies,Yes,Regression RLS,Low,Open
P2-05,P2,cache,Stale iframe after mutation,Mutate in module; sibling AI/risk still old,Shared invalidation,Separate apps no shared revalidate,"iframe architecture; store keys shared",No cross-app cache bus,Version field + poll or webhook,No,Stale regression E2E,Low,Open
P2-06,P2,auth-ux,Password leak protection off,Security advisor,Enabled HaveIBeenPwned check,Disabled,"auth_leaked_password_protection advisor",Config,Enable in Auth settings,No dashboard,Manual check,Low,Open
P3-01,P3,docs-routes,Route names mismatch docs/prompt,/compliance /research expected,Document actual paths,/policy-compliance /development,"module-apps.ts; app router",Naming drift,Update docs only,No,Doc lint,None,Open
P3-02,P3,tooling,No automated tests,npm test missing,CI test suite,None in portal package.json,"inspect-mn/package.json scripts",No harness,Add vitest+playwright,No,CI green,Low,Open
P3-03,P3,types,No generated DB types,Schema change,Checked-in types,Manual RoleId unions only,Glob no database.types.ts,Missing codegen,supabase gen types,No,Typecheck,Low,Open
P3-04,P3,next16,middleware deprecation noise,next build warning,proxy convention or accepted,middleware still used,"next build middleware-to-proxy warning; AGENTS.md",Next 16 convention,Plan proxy migration later,No,Build warning budget,Low,Open
P3-05,P3,local-dev,Duty script path Owner\platform,Run start-duty-modules on YOGA PC,Portable paths,Hardcoded Owner path historically,scripts notes in prior audit,Path hardcode,Use relative repo root,No,Script smoke,None,Open
P1-08,P1,auth-rbac,First user can become admin when admin count is zero,Delete/suspend all admins or fresh project then login,No silent elevation in prod,require-admin /api/me/access bootstrap upserts admin,inspect-mn require-admin and me/access patterns from explore,Zero-admin bootstrap,Disable or flag-gate in production,No,Negative test zero-admin,Low,Open
P1-09,P1,development,R&D module data not shared / no auth middleware,Open /development on two browsers or cold Vercel,Server-persisted scoped data,localStorage only; no middleware.ts,development app explore; types localStorage key,Wrong persistence model for production,Add auth+server store or document as client-only prototype,Maybe,E2E persistence,Medium,Open
P2-07,P2,cache,Stale portal module reads for 10-15s,Write store then read from warm instance,Immediate consistency or explicit revalidate,globalThis TTL caches on guidance/voice/AI/telegram stores,explore portal auth/env store cache notes,Process-local TTL,Shorten TTL or key by updated_at etag,No,Stale read test,Low,Open
