type,id,title,name,a_code,at_code,organization,department,unit,approved_date,reference_code,target_type,target_name,clause_count,file
job_description,f6fc632a-ea7e-4815-aba0-ec60578bce3d,Инженер-Механикч-ХММ-Төлөвлөлт,,2144-35,215,_БТЕГ_ ХХК,Үйлдвэрлэлийн хэлтэс,ХММЗасварын алба,,,,,,Job_descriptions\_БТЕГ_ ХХК\Үйлдвэрлэлийн хэлтэс\ХММЗасварын алба\2144-35_Инженер-Механикч-ХММ-Төлөвлөлт.md
job_description,f6f41c62-a1c0-43c2-8130-6f209499ae78,Job,,7412-23,713,Organization_unknown,No_department,No_unit,,,,,,Job_descriptions\Organization_unknown\No_department\No_unit\7412-23_Job.md
job_description,ee790d3c-a0ba-4f02-bde5-c74b2c4a1684,"Жолооч-Тусгай зориулалттай автомашины-Сэлбэг, тосолгооны",,8332-21,802,_БТЕГ_ ХХК,Үйлдвэрлэлийн хэлтэс,Баяжуулалтын алба,,,,,,"Job_descriptions\_БТЕГ_ ХХК\Үйлдвэрлэлийн хэлтэс\Баяжуулалтын алба\8332-21_Жолооч-Тусгай зориулалттай автомашины-Сэлбэг, тосолгооны.md"
job_description,ee236804-9a4e-4df2-9bfe-858f3a03ce4c,Инженер-Баяжуулагч-БҮ,,2146-11,205,_БТЕГ_ ХХК,Үйлдвэрлэлийн хэлтэс,Баяжуулалтын алба,,,,,,Job_descriptions\_БТЕГ_ ХХК\Үйлдвэрлэлийн хэлтэс\Баяжуулалтын алба\2146-11_Инженер-Баяжуулагч-БҮ.md
job_description,ec0ee0d5-8086-4ceb-b730-e003380bd236,Засварчин-Урсгал-ХММ,,7231-18,708,_БТЕГ_ ХХК,Үйлдвэрлэлийн хэлтэс,Ачилт буулгалтын алба,,,,,,Job_descriptions\_БТЕГ_ ХХК\Үйлдвэрлэлийн хэлтэс\Ачилт буулгалтын алба\7231-18_Засварчин-Урсгал-ХММ.md
job_description,e86ef483-0725-455f-890a-08eb57265db6,Засварчин-Гагнуурчин-БҮ,,7212-19,701,_БТЕГ_ ХХК,Үйлдвэрлэлийн хэлтэс,Тоног төхөөрөмж засварын алба,,,,,,Job_descriptions\_БТЕГ_ ХХК\Үйлдвэрлэлийн хэлтэс\Тоног төхөөрөмж засварын алба\7212-19_Засварчин-Гагнуурчин-БҮ.md
job_description,e7711f5a-41c5-4621-9d69-5f1edd5739b3,Инженер-Геотехникч-Ахлах,,2142-12,257,_БТЕГ_ ХХК,Үйлдвэрлэлийн хэлтэс,Геотехникийн алба,,,,,,Job_descriptions\_БТЕГ_ ХХК\Үйлдвэрлэлийн хэлтэс\Геотехникийн алба\2142-12_Инженер-Геотехникч-Ахлах.md
job_description,e58895c2-84b4-472a-b187-8e29c66e3d5a,Инженер-Маркшейдер,,2146-22,2010,_БТЕГ_ ХХК,Үйлдвэрлэлийн хэлтэс,Маркшейдерийн алба,,,,,,Job_descriptions\_БТЕГ_ ХХК\Үйлдвэрлэлийн хэлтэс\Маркшейдерийн алба\2146-22_Инженер-Маркшейдер.md
job_description,e3470198-1cc3-4d81-871b-29ec2412ad64,Инженер-Химийн,,2145-12,225,_БТЕГ_ ХХК,Үйлдвэрлэлийн хэлтэс,"Геологи, чанарын алба",,,,,,"Job_descriptions\_БТЕГ_ ХХК\Үйлдвэрлэлийн хэлтэс\Геологи, чанарын алба\2145-12_Инженер-Химийн.md"
job_description,d8cab7d6-e63e-4f14-a8f2-e9ee0013068d,Мэргэжилтэн-Хүний нөөцийн-Ахлах,,1219-11,242,_БТЕГ_ ХХК,Захиргаа Удирдлагын хэлтэс,Хүний нөөцийн алба,,,,,,Job_descriptions\_БТЕГ_ ХХК\Захиргаа Удирдлагын хэлтэс\Хүний нөөцийн алба\1219-11_Мэргэжилтэн-Хүний нөөцийн-Ахлах.md
job_description,ce58e44d-a1c1-43be-95db-30d0d32ff08b,ХҮНИЙ НӨӨЦИЙН МЭРГЭЖИЛТЭН-/Бүрдүүлэлт сонгон шалгаруулалт/,,2423-16,243,Organization_unknown,No_department,No_unit,,,,,,Job_descriptions\Organization_unknown\No_department\No_unit\2423-16_ХҮНИЙ НӨӨЦИЙН МЭРГЭЖИЛТЭН-_Бүрдүүлэлт сонгон шалгаруулалт_.md
job_description,ce0d6e62-8854-4ad3-a045-fa43440c543c,Мэргэжилтэн-Хүний нөөцийн,,2423-16,234,_БТЕГ_ ХХК,Захиргаа Удирдлагын хэлтэс,Хүний нөөцийн алба,,,,,,Job_descriptions\_БТЕГ_ ХХК\Захиргаа Удирдлагын хэлтэс\Хүний нөөцийн алба\2423-16_Мэргэжилтэн-Хүний нөөцийн.md
job_description,cd4352cb-f8fe-46fb-9cf1-61e5012d9bc6,Job,,0000,000,Organization_unknown,No_department,No_unit,,,,,,Job_descriptions\Organization_unknown\No_department\No_unit\0000_Job.md
job_description,c8ebc914-5314-4ceb-831c-980d06960781,Операторч-Экскаваторын-Гидро,,8111-19,820,_БТЕГ_ ХХК,Үйлдвэрлэлийн хэлтэс,Зүүн олборлолтын алба,,,,,,Job_descriptions\_БТЕГ_ ХХК\Үйлдвэрлэлийн хэлтэс\Зүүн олборлолтын алба\8111-19_Операторч-Экскаваторын-Гидро.md
job_description,c4d7ccf1-aade-46df-accc-d62bffe0be38,Засварчин-Цахилгаанчин-ХММ,,7412-24,713,_БТЕГ_ ХХК,Үйлдвэрлэлийн хэлтэс,ХММЗасварын алба,,,,,,Job_descriptions\_БТЕГ_ ХХК\Үйлдвэрлэлийн хэлтэс\ХММЗасварын алба\7412-24_Засварчин-Цахилгаанчин-ХММ.md
job_description,b1de75f5-01b4-4ac9-bc22-21f33878b6ef,Job,,2146-11,105,Organization_unknown,No_department,No_unit,,,,,,Job_descriptions\Organization_unknown\No_department\No_unit\2146-11_Job.md
job_description,aea543fe-7234-4a2d-8f98-8c7022e381d2,Дэд мэргэжилтэн-Дээж бутлагч,,3116-16,313,_БТЕГ_ ХХК,Үйлдвэрлэлийн хэлтэс,"Геологи, чанарын алба",,,,,,"Job_descriptions\_БТЕГ_ ХХК\Үйлдвэрлэлийн хэлтэс\Геологи, чанарын алба\3116-16_Дэд мэргэжилтэн-Дээж бутлагч.md"
job_description,aa4c5843-1334-4187-8115-39f0b659d650,Инженер-Механикч-ТТ-Төлөвлөлт,,2146-17,266,_БТЕГ_ ХХК,Үйлдвэрлэлийн хэлтэс,Тоног төхөөрөмж засварын алба,,,,,,Job_descriptions\_БТЕГ_ ХХК\Үйлдвэрлэлийн хэлтэс\Тоног төхөөрөмж засварын алба\2146-17_Инженер-Механикч-ТТ-Төлөвлөлт.md
job_description,a679e1e7-cc32-4a1c-8430-71227e5939f7,Job,,2146-17,104,Organization_unknown,No_department,No_unit,,,,,,Job_descriptions\Organization_unknown\No_department\No_unit\2146-17_Job.md
job_description,a491f86a-74a4-4160-9997-53c16ea8fe10,Операторч-Зам индүүдэгч,,8342-14,813,_БТЕГ_ ХХК,Үйлдвэрлэлийн хэлтэс,Авто тээврийн алба,,,,,,Job_descriptions\_БТЕГ_ ХХК\Үйлдвэрлэлийн хэлтэс\Авто тээврийн алба\8342-14_Операторч-Зам индүүдэгч.md
job_description,a3f84cde-1c4b-4ac8-b568-e801fc154a12,Job,,2144-35,214,Organization_unknown,No_department,No_unit,,,,,,Job_descriptions\Organization_unknown\No_department\No_unit\2144-35_Job.md
job_description,a3c287c9-70e0-4c91-8265-81a5789ae8c7,Инженер-Ээлжийн-БҮ-Ахлах,,2146-11,230,_БТЕГ_ ХХК,Үйлдвэрлэлийн хэлтэс,Баяжуулалтын алба,,,,,,Job_descriptions\_БТЕГ_ ХХК\Үйлдвэрлэлийн хэлтэс\Баяжуулалтын алба\2146-11_Инженер-Ээлжийн-БҮ-Ахлах.md
job_description,a29a0f62-3d8f-4835-a6f0-db6f86c2178e,Дэд мэргэжилтэн-Лаборант,,3116-16,312,_БТЕГ_ ХХК,Үйлдвэрлэлийн хэлтэс,"Геологи, чанарын алба",,,,,,"Job_descriptions\_БТЕГ_ ХХК\Үйлдвэрлэлийн хэлтэс\Геологи, чанарын алба\3116-16_Дэд мэргэжилтэн-Лаборант.md"
job_description,9e48b2fc-3574-4305-9a0f-96de3faa4433,Инженер-Цахилгааны-БҮ,,2151-15,227,_БТЕГ_ ХХК,Үйлдвэрлэлийн хэлтэс,Тоног төхөөрөмж засварын алба,,,,,,Job_descriptions\_БТЕГ_ ХХК\Үйлдвэрлэлийн хэлтэс\Тоног төхөөрөмж засварын алба\2151-15_Инженер-Цахилгааны-БҮ.md
job_description,98ccff32-f3fd-485d-b97b-75aa8e7c56d2,Job,,2144-35,104,Organization_unknown,No_department,No_unit,,,,,,Job_descriptions\Organization_unknown\No_department\No_unit\2144-35_Job.md
job_description,939ef374-39c2-4b5e-a3bf-52f9b315957b,Машинч-Баяжуулагч-БҮ,,8111-20,808,_БТЕГ_ ХХК,Үйлдвэрлэлийн хэлтэс,Баяжуулалтын алба,,,,,,Job_descriptions\_БТЕГ_ ХХК\Үйлдвэрлэлийн хэлтэс\Баяжуулалтын алба\8111-20_Машинч-Баяжуулагч-БҮ.md
job_description,92a5095c-fbb0-4354-a56f-9ec175ef5acd,Мэргэжилтэн-ХАБ-Сургалт,,2424-14,239,_БТЕГ_ ХХК,Захиргаа Удирдлагын хэлтэс,Сургалт Хөгжүүлэлтийн алба,,,,,,Job_descriptions\_БТЕГ_ ХХК\Захиргаа Удирдлагын хэлтэс\Сургалт Хөгжүүлэлтийн алба\2424-14_Мэргэжилтэн-ХАБ-Сургалт.md
job_description,8ae91518-c6c0-472c-89aa-71346fbbd112,Операторч-Экскаваторын-Цахилгаан Туслах,,fdsaffdsa,sdafdsaf,_БТЕГ_ ХХК,Үйлдвэрлэлийн хэлтэс,No_unit,,,,,,Job_descriptions\_БТЕГ_ ХХК\Үйлдвэрлэлийн хэлтэс\No_unit\fdsaffdsa_Операторч-Экскаваторын-Цахилгаан Туслах.md
job_description,81573af0-f90b-42fa-a7f0-18634a800032,Job,,2146-11,105,Organization_unknown,No_department,No_unit,,,,,,Job_descriptions\Organization_unknown\No_department\No_unit\2146-11_Job.md
job_description,814d0338-4fe3-4e39-ae13-ab0e04c75941,Job,,7212-19,703,Organization_unknown,No_department,No_unit,,,,,,Job_descriptions\Organization_unknown\No_department\No_unit\7212-19_Job.md
job_description,8005333d-d373-45db-9816-0ab470eafc80,Засварчин-Урсгал-БҮ,,7412-21,706,_БТЕГ_ ХХК,Үйлдвэрлэлийн хэлтэс,Тоног төхөөрөмж засварын алба,,,,,,Job_descriptions\_БТЕГ_ ХХК\Үйлдвэрлэлийн хэлтэс\Тоног төхөөрөмж засварын алба\7412-21_Засварчин-Урсгал-БҮ.md
job_description,7bd3b63c-4da5-4aba-82f0-79bcb440a1eb,Job,,2114-20,104,Organization_unknown,No_department,No_unit,,,,,,Job_descriptions\Organization_unknown\No_department\No_unit\2114-20_Job.md
job_description,785346ff-8a91-4aff-899d-78f2787aacdf,Job,,2146-22,104,Organization_unknown,No_department,No_unit,,,,,,Job_descriptions\Organization_unknown\No_department\No_unit\2146-22_Job.md
job_description,735b8b0c-1981-4d2e-9062-be38ea22a244,Инженер-Геотехникч,,2142-12,208,_БТЕГ_ ХХК,Үйлдвэрлэлийн хэлтэс,Геотехникийн алба,,,,,,Job_descriptions\_БТЕГ_ ХХК\Үйлдвэрлэлийн хэлтэс\Геотехникийн алба\2142-12_Инженер-Геотехникч.md
job_description,6f2e93c6-eaf6-49c7-a929-77fa460fff1d,Дарга-Албаны,,1322-11,,_БТЕГ_ ХХК,Захиргаа Удирдлагын хэлтэс,Хүний нөөцийн алба,,,,,,Job_descriptions\_БТЕГ_ ХХК\Захиргаа Удирдлагын хэлтэс\Хүний нөөцийн алба\1322-11_Дарга-Албаны.md
job_description,69f71ab5-86a1-4a1a-a621-465c2b1d08cf,Job,,2146-11,104,Organization_unknown,No_department,No_unit,,,,,,Job_descriptions\Organization_unknown\No_department\No_unit\2146-11_Job.md
job_description,6957d5f1-eb71-422d-8d08-f4b81a18db5b,Инженер-Маркшейдер-Ахлах,,2146-22,209,_БТЕГ_ ХХК,Үйлдвэрлэлийн хэлтэс,Маркшейдерийн алба,,,,,,Job_descriptions\_БТЕГ_ ХХК\Үйлдвэрлэлийн хэлтэс\Маркшейдерийн алба\2146-22_Инженер-Маркшейдер-Ахлах.md
job_description,5d8297af-d3f4-4f04-a545-4060adb854c4,"Дэд мэргэжилтэн-Хүний нөөцийн-Соёл,спорт",,4416-12,314,_БТЕГ_ ХХК,Захиргаа Удирдлагын хэлтэс,Сургалт Хөгжүүлэлтийн алба,,,,,,"Job_descriptions\_БТЕГ_ ХХК\Захиргаа Удирдлагын хэлтэс\Сургалт Хөгжүүлэлтийн алба\4416-12_Дэд мэргэжилтэн-Хүний нөөцийн-Соёл,спорт.md"
job_description,5a12791a-d6e0-4d9f-acd1-1715773169aa,Засварчин-Гагнуурчин-ХММ,,7212-19,703,_БТЕГ_ ХХК,Үйлдвэрлэлийн хэлтэс,Ачилт буулгалтын алба,,,,,,Job_descriptions\_БТЕГ_ ХХК\Үйлдвэрлэлийн хэлтэс\Ачилт буулгалтын алба\7212-19_Засварчин-Гагнуурчин-ХММ.md
job_description,53d3d726-2d23-4438-bc44-1c347a9aec66,Дарга-Орлогч,,2114-20,104,_БТЕГ_ ХХК,Үйлдвэрлэлийн хэлтэс,Зүүн олборлолтын алба,,,,,,Job_descriptions\_БТЕГ_ ХХК\Үйлдвэрлэлийн хэлтэс\Зүүн олборлолтын алба\2114-20_Дарга-Орлогч.md
job_description,5326553c-e5dc-42e6-8c5b-c8d0aa9da675,Машинч-Цахилгаан төхөөрөмжийн-БҮ,,8111-21,824,_БТЕГ_ ХХК,Үйлдвэрлэлийн хэлтэс,Баяжуулалтын алба,,,,,,Job_descriptions\_БТЕГ_ ХХК\Үйлдвэрлэлийн хэлтэс\Баяжуулалтын алба\8111-21_Машинч-Цахилгаан төхөөрөмжийн-БҮ.md
job_description,50316141-d5dd-4b65-b25a-6e1371fd498e,Инженер-Ээлжийн-Механикч-ХММ Ахлах,,2144-35,216,_БТЕГ_ ХХК,Үйлдвэрлэлийн хэлтэс,Баруун олборлолтын алба,,,,,,Job_descriptions\_БТЕГ_ ХХК\Үйлдвэрлэлийн хэлтэс\Баруун олборлолтын алба\2144-35_Инженер-Ээлжийн-Механикч-ХММ Ахлах.md
job_description,4d17b384-547d-4ee6-8b35-5959eafc188a,Инженер-Механикч-ТТ-Ашиглалт,,2144-22,265,_БТЕГ_ ХХК,Үйлдвэрлэлийн хэлтэс,Тоног төхөөрөмж засварын алба,,,,,,Job_descriptions\_БТЕГ_ ХХК\Үйлдвэрлэлийн хэлтэс\Тоног төхөөрөмж засварын алба\2144-22_Инженер-Механикч-ТТ-Ашиглалт.md
job_description,4acd6cf0-d8ce-4844-a97c-b2ba3fbe1324,Операторч-Бульдозерын-Гинжит,,8342-13,811,_БТЕГ_ ХХК,Үйлдвэрлэлийн хэлтэс,Авто тээврийн алба,,,,,,Job_descriptions\_БТЕГ_ ХХК\Үйлдвэрлэлийн хэлтэс\Авто тээврийн алба\8342-13_Операторч-Бульдозерын-Гинжит.md
job_description,473dc5d7-a68a-4f2f-86eb-a103ce076590,Инженер-Ээлжийн-БҮ,,2146-11,232,_БТЕГ_ ХХК,Үйлдвэрлэлийн хэлтэс,Баяжуулалтын алба,,,,,,Job_descriptions\_БТЕГ_ ХХК\Үйлдвэрлэлийн хэлтэс\Баяжуулалтын алба\2146-11_Инженер-Ээлжийн-БҮ.md
job_description,38a52905-91c9-4087-a1fe-81202fca614e,Job,,2144-35,218,Organization_unknown,No_department,No_unit,,,,,,Job_descriptions\Organization_unknown\No_department\No_unit\2144-35_Job.md
job_description,35d2a592-0c39-43ee-9d1e-f9eeacb40286,Инженер-Механикч-ХММ-Ашиглалт,,2144-35,214,_БТЕГ_ ХХК,Үйлдвэрлэлийн хэлтэс,ХММЗасварын алба,,,,,,Job_descriptions\_БТЕГ_ ХХК\Үйлдвэрлэлийн хэлтэс\ХММЗасварын алба\2144-35_Инженер-Механикч-ХММ-Ашиглалт.md
job_description,34dc3e8f-9e01-45c2-a054-9393cc302e35,[Ажилтан-Сургалт хариуцсан],,0000,,Bteg HUuuchin,[Захиргааны хэлтэс],[Хүний нөөцийн алба],,,,,,Job_descriptions\Bteg HUuuchin\[Захиргааны хэлтэс]\[Хүний нөөцийн алба]\0000_[Ажилтан-Сургалт хариуцсан].md
job_description,2f88de5f-26c9-4857-8ff0-b1f967d58d23,Инженер-Ээлжийн-Механикч-ХММ,,2144-35,218,_БТЕГ_ ХХК,Үйлдвэрлэлийн хэлтэс,Зүүн олборлолтын алба,,,,,,Job_descriptions\_БТЕГ_ ХХК\Үйлдвэрлэлийн хэлтэс\Зүүн олборлолтын алба\2144-35_Инженер-Ээлжийн-Механикч-ХММ.md
job_description,1bbd1b06-45d0-45d0-97e7-15c4ea2c8645,Засварчин-Цахилгаанчин-БҮ,,7412-21,711,_БТЕГ_ ХХК,Үйлдвэрлэлийн хэлтэс,Тоног төхөөрөмж засварын алба,,,,,,Job_descriptions\_БТЕГ_ ХХК\Үйлдвэрлэлийн хэлтэс\Тоног төхөөрөмж засварын алба\7412-21_Засварчин-Цахилгаанчин-БҮ.md
job_description,12a7c358-72a5-489a-b476-1b0452a1415a,Мэргэжилтэн-Сургагч багш-Уулын,,2424-14,237,_БТЕГ_ ХХК,Захиргаа Удирдлагын хэлтэс,Сургалт Хөгжүүлэлтийн алба,,,,,,Job_descriptions\_БТЕГ_ ХХК\Захиргаа Удирдлагын хэлтэс\Сургалт Хөгжүүлэлтийн алба\2424-14_Мэргэжилтэн-Сургагч багш-Уулын.md
job_description,1170f769-5e2a-43f1-9266-cf4de1b69143,Операторч-Ачигчийн,,8111-19,810,_БТЕГ_ ХХК,Үйлдвэрлэлийн хэлтэс,Ачилт буулгалтын алба,,,,,,Job_descriptions\_БТЕГ_ ХХК\Үйлдвэрлэлийн хэлтэс\Ачилт буулгалтын алба\8111-19_Операторч-Ачигчийн.md
job_description,0666655a-5725-4c13-8551-f34252b173f8,Инженер-Механикч-ТТ-Ахлах,,0000,000,_БТЕГ_ ХХК,Үйлдвэрлэлийн хэлтэс,Тоног төхөөрөмж засварын алба,,,,,,Job_descriptions\_БТЕГ_ ХХК\Үйлдвэрлэлийн хэлтэс\Тоног төхөөрөмж засварын алба\0000_Инженер-Механикч-ТТ-Ахлах.md
policy,41ff5200-8ec5-41c3-bbfb-cdf752810cfd,,ЦАГ АГААРЫН ОНЦГОЙ НӨХЦӨЛД АЖИЛЛАХ ЖУРАМ reg_111,,,,,,2025-10-17,???????,heltes,ХАБЭА-н хэлтэс,29,Policies\Department\ХАБЭА-н хэлтэс\________ЦАГ АГААРЫН ОНЦГОЙ НӨХЦӨЛД АЖИЛЛАХ ЖУРАМ reg_111.md
policy,eb12c8d7-cbe7-48b2-8d74-6eace255425f,,АЯЛАЛЫН ҮЕД ДАГАЖ МӨРДӨХ ЖУРАМ reg_42,,,,,,2025-09-05,04/15 ХАВСРАЛТ-1,alba,Хүний нөөцийн алба,88,Policies\Unit\Хүний нөөцийн алба\04_15 ХАВСРАЛТ-1_АЯЛАЛЫН ҮЕД ДАГАЖ МӨРДӨХ ЖУРАМ reg_42.md
policy,3e4777b4-3f6b-454c-aed8-4794ec0309ef,,БАЯНГОЛ УУРХАЙН АЖИЛТНУУДЫН АЖЛЫН ЦАГ АШИГЛАЛТАНД ХЯНАЛТ ТАВИХ-reg 117,,,,,,2025-09-05,4/16 ХАВСРАЛТ-1,alba,Хүний нөөцийн алба,50,Policies\Unit\Хүний нөөцийн алба\4_16 ХАВСРАЛТ-1_БАЯНГОЛ УУРХАЙН АЖИЛТНУУДЫН АЖЛЫН ЦАГ АШИГЛАЛТАНД ХЯНАЛТ ТАВИХ-reg 117.md
policy,14cff15a-eff9-4416-98cf-336c6c071f98,,"ХАБЭА-Н ХЯНАЛТ, ШАЛГАЛТ ЯВУУЛАХ ЖУРАМ reg_72",,,,,,2025-08-05,04/14,heltes,ХАБЭА-н хэлтэс,115,"Policies\Department\ХАБЭА-н хэлтэс\04_14_ХАБЭА-Н ХЯНАЛТ, ШАЛГАЛТ ЯВУУЛАХ ЖУРАМ reg_72.md"
policy,d4ebf07d-d292-440a-9cc9-10998bbe6e0a,,ЦООЖ ПАЙЗНЫ СИСТЕМ АШИГЛАЛТЫН ЖУРАМ reg_92,,,,,,2025-07-06,04/10-,heltes,ХАБЭА-н хэлтэс,68,Policies\Department\ХАБЭА-н хэлтэс\04_10-_ЦООЖ ПАЙЗНЫ СИСТЕМ АШИГЛАЛТЫН ЖУРАМ reg_92.md
policy,4565e72a-a5ec-40fc-8cf5-2435f3b6b3d6,,УДИРДЛАГЫН ДЭРГЭДЭХ ЗАХИРГААНЫ ЗӨВЛӨЛИЙН ХУРЛЫГ ЗОХИОН БАЙГУУЛАХ ЖУРАМ-reg 87,,,,,,2025-07-05,????,heltes,Захиргаа Удирдлагын хэлтэс,67,Policies\Department\Захиргаа Удирдлагын хэлтэс\_____УДИРДЛАГЫН ДЭРГЭДЭХ ЗАХИРГААНЫ ЗӨВЛӨЛИЙН ХУРЛЫГ ЗОХИОН БАЙГУУЛАХ ЖУРАМ-reg 87.md
policy,a193efa2-cab3-4da7-ace6-9abc42cef6ff,,УУРХАЙН БҮСЭД СУУДЛЫН АВТОМАШИН ЖОЛООДОХ ЭРХ ОЛГОХ ЖУРАМ-reg 135,,,,,,2025-07-05,04/11 2-р хавсралт,heltes,ХАБЭА-н хэлтэс,59,Policies\Department\ХАБЭА-н хэлтэс\04_11 2-р хавсралт_УУРХАЙН БҮСЭД СУУДЛЫН АВТОМАШИН ЖОЛООДОХ ЭРХ ОЛГОХ ЖУРАМ-reg 135.md
policy,589b3d89-a90e-4c08-8c71-e4309ac8599b,,БҮРТГЭЛ ХЯНАЛТЫН АЛБАНЫ ҮЙЛ АЖИЛЛАГААНЫ ЖУРАМ - reg 84,,,,,,2025-06-29,04/09 1-р хавсралт ???,alba,Бүртгэл хяналтын алба,417,Policies\Unit\Бүртгэл хяналтын алба\04_09 1-р хавсралт ____БҮРТГЭЛ ХЯНАЛТЫН АЛБАНЫ ҮЙЛ АЖИЛЛАГААНЫ ЖУРАМ - reg 84.md
policy,05d90792-f72f-4fe7-9d5f-3d1828d4ce65,,ДРОН АШИГЛАХ ЖУРАМ,,,,,,2025-06-12,7-Apr,alba,Геотехникийн алба,73,Policies\Unit\Геотехникийн алба\7-Apr_ДРОН АШИГЛАХ ЖУРАМ.md
policy,688298c0-5248-427c-95ca-06a38b424ce6,,МЭДЭЭЛЛИЙН АЮУЛГҮЙ БАЙДЛЫГ ХАНГАХ ЖУРАМ-reg 74,,,,,,2025-06-11,04/08 1-р хавсралт ???,alba,Бүртгэл хяналтын алба,132,Policies\Unit\Бүртгэл хяналтын алба\04_08 1-р хавсралт ____МЭДЭЭЛЛИЙН АЮУЛГҮЙ БАЙДЛЫГ ХАНГАХ ЖУРАМ-reg 74.md
policy,fe41c506-d7e3-4d83-a33f-e8d7b0a47871,,ДОТООД ХЯНАЛТ ШАЛГАЛТЫГ ЗОХИОН БАЙГУУЛАХ ЖУРАМ reg_80,,,,,,2025-03-15,04/03 Хавсралт-1,heltes,Дотоод хяналт шалгалтын хэлтэс,129,Policies\Department\Дотоод хяналт шалгалтын хэлтэс\04_03 Хавсралт-1_ДОТООД ХЯНАЛТ ШАЛГАЛТЫГ ЗОХИОН БАЙГУУЛАХ ЖУРАМ reg_80.md
policy,a722e743-7170-490e-962e-bdab4afb69e9,,ЁС ЗҮЙН ХОРООНЫ АЖИЛЛАХ ЖУРАМ-reg_124,,,,,,2025-03-14,04/04 ХАВСРАЛТ-1,heltes,Дотоод хяналт шалгалтын хэлтэс,97,Policies\Department\Дотоод хяналт шалгалтын хэлтэс\04_04 ХАВСРАЛТ-1_ЁС ЗҮЙН ХОРООНЫ АЖИЛЛАХ ЖУРАМ-reg_124.md
policy,8bae8a98-5cb5-4ad8-a42f-cfacea43e425,,"АЖЛЫН ХУВЦАС, ХАМГААЛАХ ХЭРЭГСЭЛ ОЛГОХ ЖУРАМ- reg 110",,,,,,2025-03-09,04/05 1-р хавсралт,heltes,ХАБЭА-н хэлтэс,30,"Policies\Department\ХАБЭА-н хэлтэс\04_05 1-р хавсралт_АЖЛЫН ХУВЦАС, ХАМГААЛАХ ХЭРЭГСЭЛ ОЛГОХ ЖУРАМ- reg 110.md"
policy,c764b8b1-b2b0-4782-a915-1284442f4f4e,,ХАБЭА-Н ЗААВАРЧИЛГАА ӨГӨХ ЖУРАМ- reg 134,,,,,,2025-02-23,04/02 1-р хавсралт,heltes,ХАБЭА-н хэлтэс,38,Policies\Department\ХАБЭА-н хэлтэс\04_02 1-р хавсралт_ХАБЭА-Н ЗААВАРЧИЛГАА ӨГӨХ ЖУРАМ- reg 134.md
policy,14a3d3c1-027a-4c5c-a7ba-2ed8d19dc60d,,"ХӨДӨЛМӨРИЙН АЮУЛГҮЙ БАЙДАЛ, ЭРҮҮЛ АХУЙН НИЙТЛЭГ ЖУРАМ reg_115",,,,,,2024-12-06,04/34,heltes,ХАБЭА-н хэлтэс,79,"Policies\Department\ХАБЭА-н хэлтэс\04_34_ХӨДӨЛМӨРИЙН АЮУЛГҮЙ БАЙДАЛ, ЭРҮҮЛ АХУЙН НИЙТЛЭГ ЖУРАМ reg_115.md"
policy,aa142d35-8f94-4342-a217-b2215b9673ee,,"ТЕХНИК, ТОНОГ ТӨХӨӨРӨМЖИЙН ЗАСВАР АШИГЛАЛТЫН ЖУРАМ reg_67",,,,,,2024-11-17,04/33,alba,ХММЗасварын алба,44,"Policies\Unit\ХММЗасварын алба\04_33_ТЕХНИК, ТОНОГ ТӨХӨӨРӨМЖИЙН ЗАСВАР АШИГЛАЛТЫН ЖУРАМ reg_67.md"
policy,24e1130a-f735-4163-bbba-fdb3a5fee955,,ЭДИЙН ЗАСГИЙН АЛБАНЫ ҮЙЛ АЖИЛЛАГААНЫ ЖУРАМ -reg 99,,,,,,2024-11-02,04/30 1-р хавсралт,alba,Эдийн засгийн алба,42,Policies\Unit\Эдийн засгийн алба\04_30 1-р хавсралт_ЭДИЙН ЗАСГИЙН АЛБАНЫ ҮЙЛ АЖИЛЛАГААНЫ ЖУРАМ -reg 99.md
policy,cc507189-5553-48e1-89ed-b0e3610fefdc,,КЕМПЭД МӨРДӨХ ЖУРАМ reg_98,,,,,,2024-10-09,24/21,heltes,Захиргаа Удирдлагын хэлтэс,130,Policies\Department\Захиргаа Удирдлагын хэлтэс\24_21_КЕМПЭД МӨРДӨХ ЖУРАМ reg_98.md
policy,18d11e6a-e7a0-423b-9b9f-542eae879685,,"АЖИЛТНЫ МЭРГЭЖИЛ, УР ЧАДВАРЫН ТҮВШИН ТОГТООХ ЖУРАМ-reg 76",,,,,,2024-10-06,27-Apr,alba,Хүний нөөцийн алба,68,"Policies\Unit\Хүний нөөцийн алба\27-Apr_АЖИЛТНЫ МЭРГЭЖИЛ, УР ЧАДВАРЫН ТҮВШИН ТОГТООХ ЖУРАМ-reg 76.md"
policy,39f237d4-7a3d-4136-8b56-7ed130d76d21,,БАЯЖУУЛАЛТЫН АЛБАНЫ ҮЙЛ АЖИЛЛАГААНД ДАГАЖ МӨРДӨХ ЖУРАМ,,,,,,2024-09-04,?,alba,Баяжуулалтын алба ,80,Policies\Unit\Баяжуулалтын алба\__БАЯЖУУЛАЛТЫН АЛБАНЫ ҮЙЛ АЖИЛЛАГААНД ДАГАЖ МӨРДӨХ ЖУРАМ.md
policy,701c2ce7-6d75-49b0-9d1c-2f95937f9b74,,"АВТОКРАНААР ӨРГӨХ, АЧАА ШИЛЖҮҮЛЭХ АЖЛЫН АЮУЛГҮЙ АЖИЛЛАГААНЫ ЖУРАМ -reg 77 Үнэлгээ холбосон",,,,,,2024-08-18,04/21 1-р хавсралт ,alba,ХММЗасварын алба,127,"Policies\Unit\ХММЗасварын алба\04_21 1-р хавсралт _АВТОКРАНААР ӨРГӨХ, АЧАА ШИЛЖҮҮЛЭХ АЖЛЫН АЮУЛГҮЙ АЖИЛЛАГААНЫ ЖУРАМ -reg 77 Үнэлгэ.md"
policy,3c4f475c-3029-47de-92cd-f57afa7288c2,,ТЕХНОЛОГИЙН ДЭЭЖ АВАХ ЖУРАМ,,,,,,2024-07-19,23-Apr,alba,Баяжуулалтын алба ,56,Policies\Unit\Баяжуулалтын алба\23-Apr_ТЕХНОЛОГИЙН ДЭЭЖ АВАХ ЖУРАМ.md
policy,a78f589a-3ccf-4570-9ea1-63a54d20310b,,ТЕХНИКИЙН КОМИССЫН АЖИЛЛАХ ЖУРАМ - reg 96,,,,,,2024-07-14,04/22 1-р хавсралт,heltes,Захиргаа Удирдлагын хэлтэс,85,Policies\Department\Захиргаа Удирдлагын хэлтэс\04_22 1-р хавсралт_ТЕХНИКИЙН КОМИССЫН АЖИЛЛАХ ЖУРАМ - reg 96.md
policy,34827be1-d1a5-427f-a7d6-25812dd7d42b,,ГЕОТЕХНИКИЙН АЛБАНЫ ЖУРАМ ,,,,,,2024-06-04,?1,alba,Геотехникийн алба,62,Policies\Unit\Геотехникийн алба\_1_ГЕОТЕХНИКИЙН АЛБАНЫ ЖУРАМ.md
policy,b993c84d-e78c-4863-a397-0b02e951f281,,ГАЗАР ХӨНДӨХ ЗӨВШӨӨРӨЛ ОЛГОХ ЖУРАМ-reg 140 үнэлгээ холбосон,,,,,,2024-05-29,04/18 1-р хавсралт,heltes,Байгаль орчны хэлтэс,31,Policies\Department\Байгаль орчны хэлтэс\04_18 1-р хавсралт_ГАЗАР ХӨНДӨХ ЗӨВШӨӨРӨЛ ОЛГОХ ЖУРАМ-reg 140 үнэлгээ холбосон.md
policy,7fbcceb5-f3fe-460c-85a2-a8ffdf10cdef,,ХҮНИЙ НӨӨЦИЙН БҮРДҮҮЛЭЛТ СОНГОН ШАЛГАРУУЛАЛТЫН ЖУРАМ-reg 128,,,,,,2024-04-25,14-Apr,alba,Хүний нөөцийн алба,172,Policies\Unit\Хүний нөөцийн алба\14-Apr_ХҮНИЙ НӨӨЦИЙН БҮРДҮҮЛЭЛТ СОНГОН ШАЛГАРУУЛАЛТЫН ЖУРАМ-reg 128.md
policy,23a0d342-b023-46e8-bafe-86fc24cbae42,,"ҮЙЛДВЭРЛЭЛИЙН ОСОЛ, ХУРЦ ХОРДЛОГЫГ СУДЛАН БҮРТГЭХ ДҮРЭМ reg_70",,,,,,2024-04-18,04/07 Хавсралт-1,heltes,ХАБЭА-н хэлтэс,73,"Policies\Department\ХАБЭА-н хэлтэс\04_07 Хавсралт-1_ҮЙЛДВЭРЛЭЛИЙН ОСОЛ, ХУРЦ ХОРДЛОГЫГ СУДЛАН БҮРТГЭХ ДҮРЭМ reg_70.md"
policy,91bfdfc4-ecef-456f-ae4c-9b1c85bc2238,,АЖЛЫН БАЙРНЫ ТОХИРГОО ХИЙЛГЭХ КОМИСС АЖИЛЛАХ ЖУРАМ reg_71,,,,,,2024-04-06,04/10,heltes,ХАБЭА-н хэлтэс,30,Policies\Department\ХАБЭА-н хэлтэс\04_10_АЖЛЫН БАЙРНЫ ТОХИРГОО ХИЙЛГЭХ КОМИСС АЖИЛЛАХ ЖУРАМ reg_71.md
policy,ce950120-4c95-4e67-a388-92a21651968f,,БАЙГАЛЬ ОРЧНЫ ХЭЛТСИЙН ҮЙЛ АЖИЛЛАГААНЫ  ЖУРАМ-reg 141,,,,,,2024-04-04,??????,heltes,Байгаль орчны хэлтэс,81,Policies\Department\Байгаль орчны хэлтэс\_______БАЙГАЛЬ ОРЧНЫ ХЭЛТСИЙН ҮЙЛ АЖИЛЛАГААНЫ ЖУРАМ-reg 141.md
policy,0521b402-5f51-4890-93c0-7c6a66c8c01b,,ХАБЭА-ИЙН ҮЙЛ АЖИЛЛАГААНЫ ЖУРАМ- reg 97 Үнэлгээ холбосон,,,,,,2024-04-02,04/09 1-р хавсралт,heltes,ХАБЭА-н хэлтэс,96,Policies\Department\ХАБЭА-н хэлтэс\04_09 1-р хавсралт_ХАБЭА-ИЙН ҮЙЛ АЖИЛЛАГААНЫ ЖУРАМ- reg 97 Үнэлгээ холбосон.md
policy,1932bf9c-b309-44e5-aa23-38ab7ea6bd37,,ЦАЛИН ОЛГОХ ТУХАЙ ЖУРАМ- reg 127,,,,,,2024-01-04,24/02,alba,Хүний нөөцийн алба,50,Policies\Unit\Хүний нөөцийн алба\24_02_ЦАЛИН ОЛГОХ ТУХАЙ ЖУРАМ- reg 127.md
policy,5bce2606-a7ee-402c-b596-a8cfa241ea4a,,ХӨДӨЛМӨРИЙН ЭРҮҮЛ АХУЙН ТУХАЙ ЖУРАМ reg-73,,,,,,2023-11-12,04/26 Хавсралт-1,uncategorized,Uncategorized,106,Policies\Uncategorized\Uncategorized\04_26 Хавсралт-1_ХӨДӨЛМӨРИЙН ЭРҮҮЛ АХУЙН ТУХАЙ ЖУРАМ reg-73.md
policy,7b9eb1fb-87bf-459e-bee1-a73c5e043371,,ХӨДӨЛМӨРИЙН ДОТООД ЖУРАМ-reg 66,,,,,,2023-11-12,??/??,heltes,Захиргаа Удирдлагын хэлтэс,329,Policies\Department\Захиргаа Удирдлагын хэлтэс\______ХӨДӨЛМӨРИЙН ДОТООД ЖУРАМ-reg 66.md
policy,ac7c88bf-cffb-408d-a27b-67a117e9f77e,,ЯАРАЛТАЙ ТУСЛАМЖИЙН НЭГЖИЙН ЖУРАМ - reg 89 Үнэлгээ холбосон,,,,,,2023-09-17,18-Apr,heltes,ХАБЭА-н хэлтэс,87,Policies\Department\ХАБЭА-н хэлтэс\18-Apr_ЯАРАЛТАЙ ТУСЛАМЖИЙН НЭГЖИЙН ЖУРАМ - reg 89 Үнэлгээ холбосон.md
policy,77a0679d-3e96-4a11-83ad-496ec92821c0,,"ҮЙЛДВЭРЛЭЛИЙН ХЭЛТСИЙН ҮЙЛ АЖИЛЛАГААНЫ ЖУРАМ
",,,,,,2023-07-22,13-Apr,heltes,Үйлдвэрлэлийн хэлтэс ,168,Policies\Department\Үйлдвэрлэлийн хэлтэс\13-Apr_ҮЙЛДВЭРЛЭЛИЙН ХЭЛТСИЙН ҮЙЛ АЖИЛЛАГААНЫ ЖУРАМ.md
policy,576f3425-dbb8-4756-8be1-ce12d53ebf30,,АХМАДЫН ЗӨВЛӨЛИЙН АЖИЛЛАХ ЖУРАМ,,,,,,2023-06-25,23/29 Хавсралт 2,heltes,Захиргаа Удирдлагын хэлтэс,21,Policies\Department\Захиргаа Удирдлагын хэлтэс\23_29 Хавсралт 2_АХМАДЫН ЗӨВЛӨЛИЙН АЖИЛЛАХ ЖУРАМ.md
policy,aa719440-48bf-474a-acdc-49e3acb4c03b,,АХМАДЫН САН БАЙГУУЛАН АЖИЛЛАХ ЖУРАМ,,,,,,2023-06-25,23/29 Хавсралт 1,heltes,Захиргаа Удирдлагын хэлтэс,34,Policies\Department\Захиргаа Удирдлагын хэлтэс\23_29 Хавсралт 1_АХМАДЫН САН БАЙГУУЛАН АЖИЛЛАХ ЖУРАМ.md
policy,fe20175d-676b-4b20-b340-65315983d4e5,,ТӨЛӨВЛӨЛТ ХЯНАЛТЫН АЛБАНЫ ЖУРАМ,,,,,,2023-04-04,04/07 2-р хавсралт,alba,Төлөвлөлт хяналтын алба,52,Policies\Unit\Төлөвлөлт хяналтын алба\04_07 2-р хавсралт_ТӨЛӨВЛӨЛТ ХЯНАЛТЫН АЛБАНЫ ЖУРАМ.md
policy,07c9fc32-5efc-4b2e-abc1-2f818c4bdce7,,ЦАХИЛГААНЫ АЛБАНЫ ҮЙЛ АЖИЛЛАГААНЫ ЖУРАМ,,,,,,2023-04-04,04/07 -р хавсралт,alba,Цахилгааны алба ,71,Policies\Unit\Цахилгааны алба\04_07 -р хавсралт_ЦАХИЛГААНЫ АЛБАНЫ ҮЙЛ АЖИЛЛАГААНЫ ЖУРАМ.md
policy,3b84c84c-1a60-4227-b20a-83e820680303,,ӨРӨМДЛӨГ ТЭСЭЛГЭЭНИЙ АЖЛЫН ЖУРАМ,,,,,,2023-04-04,04/07 4-р хавсралт,alba,Төлөвлөлт хяналтын алба,77,Policies\Unit\Төлөвлөлт хяналтын алба\04_07 4-р хавсралт_ӨРӨМДЛӨГ ТЭСЭЛГЭЭНИЙ АЖЛЫН ЖУРАМ.md
policy,94fb980f-1d54-41a5-92c8-793d27703532,,ГЕОЛОГИ ЧАНАРЫН АЛБАНЫ ЖУРАМ,,,,,,2023-04-04,04/07 6-р хавсралт,alba,"Геологи, чанарын алба",151,"Policies\Unit\Геологи, чанарын алба\04_07 6-р хавсралт_ГЕОЛОГИ ЧАНАРЫН АЛБАНЫ ЖУРАМ.md"
policy,a63c94b1-b3d5-42b4-8ba1-0587588c35a4,,МАРКШЕЙДЕРИЙН АЛБАНЫ ЖУРАМ,,,,,,2023-04-04,04/07 3-р хавсралт,alba,Маркшейдерийн алба,93,Policies\Unit\Маркшейдерийн алба\04_07 3-р хавсралт_МАРКШЕЙДЕРИЙН АЛБАНЫ ЖУРАМ.md
policy,93536a06-df96-4cca-9f08-33f790bf12eb,,ХҮНИЙ НӨӨЦИЙН АЛБАНЫ ҮЙЛ АЖИЛЛАГААНЫ ЖУРАМ- reg 129,,,,,,2023-03-30,6-Apr,alba,Хүний нөөцийн алба,126,Policies\Unit\Хүний нөөцийн алба\6-Apr_ХҮНИЙ НӨӨЦИЙН АЛБАНЫ ҮЙЛ АЖИЛЛАГААНЫ ЖУРАМ- reg 129.md
policy,2a08a680-e8b8-4a1c-9898-132fd42d5a81,,"ЦАХИМ ШУУДАН АШИГЛАХ, БАРИМТ БИЧИГ ИЛГЭЭХ, ХҮЛЭЭН АВАХ ЖУРАМ-reg 78",,,,,,2023-03-28,?04/04,heltes,Дотоод хяналт шалгалтын хэлтэс,73,"Policies\Department\Дотоод хяналт шалгалтын хэлтэс\_04_04_ЦАХИМ ШУУДАН АШИГЛАХ, БАРИМТ БИЧИГ ИЛГЭЭХ, ХҮЛЭЭН АВАХ ЖУРАМ-reg 78.md"
policy,02d1fcfd-0c05-4499-b907-4c33882c4e70,,"СЭЛБЭГ ХЭРЭГСЭЛ, ТОС ТОСОЛГООНЫ МАТЕРИАЛЫН ЗОХИСТОЙ НӨӨЦ БҮРДҮҮЛЭХ, ЗАХИАЛГА ХИЙХ, ОРЛОГОД АВАХ, ЗАРЛАГА ГАРГАХ ТУХАЙ ЖУРАМ",,,,,,2023-02-24,23-May,alba,ХММЗасварын алба,83,"Policies\Unit\ХММЗасварын алба\23-May_СЭЛБЭГ ХЭРЭГСЭЛ, ТОС ТОСОЛГООНЫ МАТЕРИАЛЫН ЗОХИСТОЙ НӨӨЦ БҮРДҮҮЛЭХ, ЗАХИАЛГА ХИЙХ, ОРЛОГОД АВ.md"
policy,7c08649b-6bcf-410f-a044-a1174a32ea02,,АЮУЛЫГ МЭДЭЭЛЭХ ХУУДСЫГ АШИГЛАХ ЖУРАМ-reg 104 Үнэлгээ холбосон,,,,,,2022-10-29,04/25 1-р хавсралт,heltes,ХАБЭА-н хэлтэс,15,Policies\Department\ХАБЭА-н хэлтэс\04_25 1-р хавсралт_АЮУЛЫГ МЭДЭЭЛЭХ ХУУДСЫГ АШИГЛАХ ЖУРАМ-reg 104 Үнэлгээ холбосон.md
policy,0df254a8-33dc-4d86-9675-68c6fa0c90e7,,УУРХАЙН ГАЛЫН АЮУЛГҮЙ БАЙДЛЫГ ХАНГАХ НЭГДСЭН ЖУРАМ- reg 102 Үнэлгээ холбосон,,,,,,2022-10-11,04/27 1-р хавсралт,uncategorized,Uncategorized,105,Policies\Uncategorized\Uncategorized\04_27 1-р хавсралт_УУРХАЙН ГАЛЫН АЮУЛГҮЙ БАЙДЛЫГ ХАНГАХ НЭГДСЭН ЖУРАМ- reg 102 Үнэлгээ холбосон.md
policy,21e545c9-754c-4888-bd4e-a48b6bb682c6,,"ХАБЭА-Н СУРГАЛТ ЯВУУЛАХ, ШАЛГАЛТ АВАХ ЖУРАМ- reg 103 Үнэлгээ холбосон",,,,,,2022-10-11,04/06 1-р хавсралт,heltes,ХАБЭА-н хэлтэс,109,"Policies\Department\ХАБЭА-н хэлтэс\04_06 1-р хавсралт_ХАБЭА-Н СУРГАЛТ ЯВУУЛАХ, ШАЛГАЛТ АВАХ ЖУРАМ- reg 103 Үнэлгээ холбосон.md"
policy,0e224cdd-8ce3-40d1-96ec-c24249c5b644,,ГАЛЫН АЮУЛГҮЙ БАЙДЛЫГ ХАНГАХ НЭГДСЭН ЖУРАМ -reg 83 үнэлгээ холбосон,,,,,,2022-10-11,04/27 1-р хавсралт ?,heltes,ХАБЭА-н хэлтэс,108,Policies\Department\ХАБЭА-н хэлтэс\04_27 1-р хавсралт __ГАЛЫН АЮУЛГҮЙ БАЙДЛЫГ ХАНГАХ НЭГДСЭН ЖУРАМ -reg 83 үнэлгээ холбосон.md
policy,98b73e66-3579-468c-bf4c-fd519f30c3fe,,УУРХАЙН ЗАМЫН ХӨДӨЛГӨӨНИЙ ЖУРАМ-reg 101,,,,,,2022-10-11,25-Apr,heltes,ХАБЭА-н хэлтэс,165,Policies\Department\ХАБЭА-н хэлтэс\25-Apr_УУРХАЙН ЗАМЫН ХӨДӨЛГӨӨНИЙ ЖУРАМ-reg 101.md
policy,a7e5f522-d7b9-4746-ac48-952135c19a36,,БАЯНГОЛ УУРХАЙН БҮСЭД МӨРДӨХ АСГАРАЛТЫН ЖУРАМ -reg 136 үнэлгээ холбосон,,,,,,2022-08-03,22-Apr,heltes,Байгаль орчны хэлтэс,28,Policies\Department\Байгаль орчны хэлтэс\22-Apr_БАЯНГОЛ УУРХАЙН БҮСЭД МӨРДӨХ АСГАРАЛТЫН ЖУРАМ -reg 136 үнэлгээ холбосон.md
policy,17625748-303a-49a0-a460-e96446b9bc7a,,ЧӨЛӨӨ ОЛГОХ ТУХАЙ ЖУРАМ-reg 132,,,,,,2022-03-21,22/09,alba,Хүний нөөцийн алба,50,Policies\Unit\Хүний нөөцийн алба\22_09_ЧӨЛӨӨ ОЛГОХ ТУХАЙ ЖУРАМ-reg 132.md
policy,1b38ab21-af7b-4934-b1e8-ad87ecc0eb1e,,"САХИЛГЫН ШИЙТГЭЛ НОГДУУЛАХ, ТҮҮНД ГОМДОЛ ГАРГАХ ТУХАЙ ЖУРАМ- reg 121",,,,,,2022-03-21,22/01???,alba,Хүний нөөцийн алба,99,"Policies\Unit\Хүний нөөцийн алба\22_01____САХИЛГЫН ШИЙТГЭЛ НОГДУУЛАХ, ТҮҮНД ГОМДОЛ ГАРГАХ ТУХАЙ ЖУРАМ- reg 121.md"
policy,08b16be3-cad3-458b-a49c-5a543df9786c,,ЭЭЛЖ СОЛИЛЦОХ ҮЕД АЖИЛ ХҮЛЭЭЛЦЭХ ЖУРАМ-reg 31,,,,,,2022-02-18,3-Apr,alba,Хүний нөөцийн алба,30,Policies\Unit\Хүний нөөцийн алба\3-Apr_ЭЭЛЖ СОЛИЛЦОХ ҮЕД АЖИЛ ХҮЛЭЭЛЦЭХ ЖУРАМ-reg 31.md
policy,82732800-c8d3-4a4c-af59-e0656c077e87,,ХЯНАЛТЫН ТОНОГ ТӨХӨӨРӨМЖ АШИГЛАХ ЖУРАМ-reg 133 үнэлгээ холбосон,,,,,,2021-12-31,22/01 6-р хавсралт,alba,Бүртгэл хяналтын алба,40,Policies\Unit\Бүртгэл хяналтын алба\22_01 6-р хавсралт_ХЯНАЛТЫН ТОНОГ ТӨХӨӨРӨМЖ АШИГЛАХ ЖУРАМ-reg 133 үнэлгээ холбосон.md
policy,9a174b93-88ed-4cfe-9017-6ccdcf6bfdb9,,"АЖИЛТНЫ МЭДЭЭЛЛИЙГ ЦУГЛУУЛАХ, БОЛОВСРУУЛАХ, АШИГЛАХ ЖУРАМ-reg 120",,,,,,2021-12-31,22/01??,alba,Хүний нөөцийн алба,93,"Policies\Unit\Хүний нөөцийн алба\22_01___АЖИЛТНЫ МЭДЭЭЛЛИЙГ ЦУГЛУУЛАХ, БОЛОВСРУУЛАХ, АШИГЛАХ ЖУРАМ-reg 120.md"
policy,e732b58c-77cf-4ddd-86c6-fb8bdd27ed2a,,"НУУЦ ХАДГАЛАХ, НУУЦТАЙ ХАРЬЦАХ ЖУРАМ- reg 126",,,,,,2021-12-31,22/01????,alba,Хүний нөөцийн алба,51,"Policies\Unit\Хүний нөөцийн алба\22_01_____НУУЦ ХАДГАЛАХ, НУУЦТАЙ ХАРЬЦАХ ЖУРАМ- reg 126.md"
policy,83b428ed-ce2f-40eb-829b-539dd8b9f42c,,"АЖИЛ ЭРХЛЭЛТ ХӨДӨЛМӨРИЙН ХАРИЛЦААНД ДАРАМТ, ХҮЧИРХИЙЛЭЛ, БЭЛГИЙН ДАРАМТААС УРЬДЧИЛАН СЭРГИЙЛЭХ, ГАРГАСАН ГОМДЛЫГ ШИЙДВЭРЛЭХ ЖУРАМ-REG-116",,,,,,2021-12-31,22/01,alba,Хүний нөөцийн алба,31,"Policies\Unit\Хүний нөөцийн алба\22_01_АЖИЛ ЭРХЛЭЛТ ХӨДӨЛМӨРИЙН ХАРИЛЦААНД ДАРАМТ, ХҮЧИРХИЙЛЭЛ, БЭЛГИЙН ДАРАМТААС УРЬДЧИЛАН СЭРГИЙЛЭХ.md"
policy,bd026083-38b7-4620-b690-eb7d9618ae7a,,АЛБАН ТОМИЛОЛТЫН ЖУРАМ-reg 118,,,,,,2021-12-31,22/01?,alba,Хүний нөөцийн алба,41,Policies\Unit\Хүний нөөцийн алба\22_01__АЛБАН ТОМИЛОЛТЫН ЖУРАМ-reg 118.md
policy,7c51f551-1efc-43dc-aa3e-0e8216ad8709,,АВТО ТЭЭВРИЙН АЛБАНЫ ҮЙЛ АЖИЛЛАГААНЫ ЖУРАМ reg_65,,,,,,2021-06-02,04/11,alba,Авто тээврийн алба,70,Policies\Unit\Авто тээврийн алба\04_11_АВТО ТЭЭВРИЙН АЛБАНЫ ҮЙЛ АЖИЛЛАГААНЫ ЖУРАМ reg_65.md
policy,7a6b4467-8e3f-4054-b561-b5f9134c91ec,,АВТОМАШИН ЭЗЭМШИГЧ ДАГАЖ МӨРДӨХ ЖУРАМ- reg 105 Үнэлгээ холбосон,,,,,,2021-05-04,04/08 1-р хавсралт,alba,Авто тээврийн алба,24,Policies\Unit\Авто тээврийн алба\04_08 1-р хавсралт_АВТОМАШИН ЭЗЭМШИГЧ ДАГАЖ МӨРДӨХ ЖУРАМ- reg 105 Үнэлгээ холбосон.md
policy,cd06f6a0-fec6-46a3-87fa-0834208e1414,,"ХӨДӨЛМӨРИЙН АЮУЛГҮЙ БАЙДАЛ, ЭРҮҮЛ АХУЙН ЗӨВЛӨЛИЙН ЖУРАМ-reg 112",,,,,,2021-03-10,04/05 1-р хавсралт ?,heltes,Захиргаа Удирдлагын хэлтэс,26,"Policies\Department\Захиргаа Удирдлагын хэлтэс\04_05 1-р хавсралт __ХӨДӨЛМӨРИЙН АЮУЛГҮЙ БАЙДАЛ, ЭРҮҮЛ АХУЙН ЗӨВЛӨЛИЙН ЖУРАМ-reg 112.md"
policy,4ddb70fe-2d77-4efa-a4a5-f963aea63317,,БАЯНГОЛ УУРХАЙН КАРЬЕРТ ТҮЛШ ТҮГЭЭХ ЖУРАМ -reg 81,,,,,,2021-03-07,????????,alba,Бүртгэл хяналтын алба,36,Policies\Unit\Бүртгэл хяналтын алба\_________БАЯНГОЛ УУРХАЙН КАРЬЕРТ ТҮЛШ ТҮГЭЭХ ЖУРАМ -reg 81.md
policy,37100197-a368-4f34-9be0-3bbdaaf4b452,,БАЯНГОЛ УУРХАЙН ШАЛГАН НЭВТРҮҮЛЭХ ПОСТООР НЭВТРЭХ ҮЕД ДАГАЖ МӨРДӨХ ЖУРАМ -reg 114,,,,,,2021-03-03,04/03 1-р хавсралт,heltes,Захиргаа Удирдлагын хэлтэс,31,Policies\Department\Захиргаа Удирдлагын хэлтэс\04_03 1-р хавсралт_БАЯНГОЛ УУРХАЙН ШАЛГАН НЭВТРҮҮЛЭХ ПОСТООР НЭВТРЭХ ҮЕД ДАГАЖ МӨРДӨХ ЖУРАМ -reg 114.md
policy,2ff3265b-b356-4318-89a7-1308cc0a8c8c,,ШАГНАЛЫН ЖУРАМ reg_93,,,,,,2020-11-24,01,heltes,Захиргаа Удирдлагын хэлтэс,148,Policies\Department\Захиргаа Удирдлагын хэлтэс\01_ШАГНАЛЫН ЖУРАМ reg_93.md
policy,615bc5c3-0d2c-4e2f-9aa4-0b65352e0425,,"БАЯНГОЛ УУРХАЙД РАДИО ХОЛБОО ЗОХИОН БАЙГУУЛАХ, ГАР БОЛОН СУУРИН СТАНЦ АШИГЛАХ ЖУРАМ -reg 142 Үнэлгээ холбосон",,,,,,2020-09-30,04/19 1-р хавсралт,alba,Бүртгэл хяналтын алба,24,"Policies\Unit\Бүртгэл хяналтын алба\04_19 1-р хавсралт_БАЯНГОЛ УУРХАЙД РАДИО ХОЛБОО ЗОХИОН БАЙГУУЛАХ, ГАР БОЛОН СУУРИН СТАНЦ АШИГЛАХ ЖУР.md"
policy,a0eca52a-7fbf-403a-b325-38068fb2de6c,,"ХИМИЙН БОДИСЫГ ХАДГАЛАХ, АШИГЛАХ ЖУРАМ reg_91",,,,,,2020-09-15,04/17 Хавсралт-1,alba,"Геологи, чанарын алба",69,"Policies\Unit\Геологи, чанарын алба\04_17 Хавсралт-1_ХИМИЙН БОДИСЫГ ХАДГАЛАХ, АШИГЛАХ ЖУРАМ reg_91.md"
policy,6a24a743-a18c-4b15-b4d3-49e2e6c09e50,,ХИМИЙН ЛАБОРАТОРЫН ГАЛЫН АЮУЛГҮЙ БАЙДЛЫГ ХАНГАХ ЖУРАМ -reg 94 Үнэлгээ холбосон,,,,,,2020-09-14,04/17 2-р хавсралт,alba,"Геологи, чанарын алба",51,"Policies\Unit\Геологи, чанарын алба\04_17 2-р хавсралт_ХИМИЙН ЛАБОРАТОРЫН ГАЛЫН АЮУЛГҮЙ БАЙДЛЫГ ХАНГАХ ЖУРАМ -reg 94 Үнэлгээ холбосон.md"
policy,215b720e-ff4d-4d68-b14d-938b0cbccd5e,," ЁС ЗҮЙН ДҮРЭМ
",,,,,,2020-08-21,04/04 Хавсралт 1,heltes,Дотоод хяналт шалгалтын хэлтэс,128,Policies\Department\Дотоод хяналт шалгалтын хэлтэс\04_04 Хавсралт 1_ ЁС ЗҮЙН ДҮРЭМ.md
policy,5dcaef9b-b325-4985-b608-e4b3031a5946,,ҮЙЛ АЖИЛЛАГААНЫ ЯВЦАД ИЛЭРСЭН СОЁЛЫН ОЛДВОРЫН ҮЕД АЖИЛЛАХ ЖУРАМ- reg 138 үнэлгээ холбосон,,,,,,2020-03-14,04/03-1 2-р хавсралт,heltes,Байгаль орчны хэлтэс,14,Policies\Department\Байгаль орчны хэлтэс\04_03-1 2-р хавсралт_ҮЙЛ АЖИЛЛАГААНЫ ЯВЦАД ИЛЭРСЭН СОЁЛЫН ОЛДВОРЫН ҮЕД АЖИЛЛАХ ЖУРАМ- reg 138 үнэлгэ.md
policy,0b479c22-1f96-406d-a73b-c55c75950e8b,,"ХӨРС ХАМГААЛАХ, ХӨРСНИЙ ДОРОЙТОЛ, ЭВДРЭЛЭЭС УРЬДЧИЛАН СЭРГИЙЛЭХ, ХЯНАЛТ ТАВИХ ЖУРАМ-reg 137 үнэлгээ холбосон",,,,,,2020-03-14,04/03-1 1-р хавсралт ,heltes,Байгаль орчны хэлтэс,25,"Policies\Department\Байгаль орчны хэлтэс\04_03-1 1-р хавсралт _ХӨРС ХАМГААЛАХ, ХӨРСНИЙ ДОРОЙТОЛ, ЭВДРЭЛЭЭС УРЬДЧИЛАН СЭРГИЙЛЭХ, ХЯНАЛТ ТАВИХ .md"
policy,9cdd4a23-b084-45e2-a148-03bd61a24311,,АСГАРСАН БОДИСЫГ АЮУЛГҮЙЖҮҮЛЭХ ЖУРАМ-reg 139 үнэлгээ холбосон,,,,,,2020-03-14,04/03-1 3-р хавсралт,heltes,Байгаль орчны хэлтэс,33,Policies\Department\Байгаль орчны хэлтэс\04_03-1 3-р хавсралт_АСГАРСАН БОДИСЫГ АЮУЛГҮЙЖҮҮЛЭХ ЖУРАМ-reg 139 үнэлгээ холбосон.md
policy,b8a6b191-4d56-4402-880b-d3cb6e01de43,,"БАЯНГОЛ УУРХАЙН ЛАБОРАТОРИД АШИГЛАСАН ХИМИЙН БОДИСЫН ХАЯГДЛЫГ ХАДГАЛАХ, ТЭЭВЭРЛЭХ, УСТГАХ ЖУРАМ reg_82",,,,,,2019-04-10,04/06 Хавсралт-1,uncategorized,Uncategorized,22,"Policies\Uncategorized\Uncategorized\04_06 Хавсралт-1_БАЯНГОЛ УУРХАЙН ЛАБОРАТОРИД АШИГЛАСАН ХИМИЙН БОДИСЫН ХАЯГДЛЫГ ХАДГАЛАХ, ТЭЭВЭРЛЭХ, .md"
