type,id,title,a_code,at_code,organization,department,unit,file
job_description,f6fc632a-ea7e-4815-aba0-ec60578bce3d,Инженер-Механикч-ХММ-Төлөвлөлт,2144-35,215,_БТЕГ_ ХХК,Үйлдвэрлэлийн хэлтэс,ХММЗасварын алба,Job_descriptions\_БТЕГ_ ХХК\Үйлдвэрлэлийн хэлтэс\ХММЗасварын алба\2144-35_Инженер-Механикч-ХММ-Төлөвлөлт.md
job_description,f6f41c62-a1c0-43c2-8130-6f209499ae78,Job,7412-23,713,Organization_unknown,No_department,No_unit,Job_descriptions\Organization_unknown\No_department\No_unit\7412-23_Job.md
job_description,ee790d3c-a0ba-4f02-bde5-c74b2c4a1684,"Жолооч-Тусгай зориулалттай автомашины-Сэлбэг, тосолгооны",8332-21,802,_БТЕГ_ ХХК,Үйлдвэрлэлийн хэлтэс,Баяжуулалтын алба,"Job_descriptions\_БТЕГ_ ХХК\Үйлдвэрлэлийн хэлтэс\Баяжуулалтын алба\8332-21_Жолооч-Тусгай зориулалттай автомашины-Сэлбэг, тосолгооны.md"
job_description,ee236804-9a4e-4df2-9bfe-858f3a03ce4c,Инженер-Баяжуулагч-БҮ,2146-11,205,_БТЕГ_ ХХК,Үйлдвэрлэлийн хэлтэс,Баяжуулалтын алба,Job_descriptions\_БТЕГ_ ХХК\Үйлдвэрлэлийн хэлтэс\Баяжуулалтын алба\2146-11_Инженер-Баяжуулагч-БҮ.md
job_description,ec0ee0d5-8086-4ceb-b730-e003380bd236,Засварчин-Урсгал-ХММ,7231-18,708,_БТЕГ_ ХХК,Үйлдвэрлэлийн хэлтэс,Ачилт буулгалтын алба,Job_descriptions\_БТЕГ_ ХХК\Үйлдвэрлэлийн хэлтэс\Ачилт буулгалтын алба\7231-18_Засварчин-Урсгал-ХММ.md
job_description,e86ef483-0725-455f-890a-08eb57265db6,Засварчин-Гагнуурчин-БҮ,7212-19,701,_БТЕГ_ ХХК,Үйлдвэрлэлийн хэлтэс,Тоног төхөөрөмж засварын алба,Job_descriptions\_БТЕГ_ ХХК\Үйлдвэрлэлийн хэлтэс\Тоног төхөөрөмж засварын алба\7212-19_Засварчин-Гагнуурчин-БҮ.md
job_description,e7711f5a-41c5-4621-9d69-5f1edd5739b3,Инженер-Геотехникч-Ахлах,2142-12,257,_БТЕГ_ ХХК,Үйлдвэрлэлийн хэлтэс,Геотехникийн алба,Job_descriptions\_БТЕГ_ ХХК\Үйлдвэрлэлийн хэлтэс\Геотехникийн алба\2142-12_Инженер-Геотехникч-Ахлах.md
job_description,e58895c2-84b4-472a-b187-8e29c66e3d5a,Инженер-Маркшейдер,2146-22,2010,_БТЕГ_ ХХК,Үйлдвэрлэлийн хэлтэс,Маркшейдерийн алба,Job_descriptions\_БТЕГ_ ХХК\Үйлдвэрлэлийн хэлтэс\Маркшейдерийн алба\2146-22_Инженер-Маркшейдер.md
job_description,e3470198-1cc3-4d81-871b-29ec2412ad64,Инженер-Химийн,2145-12,225,_БТЕГ_ ХХК,Үйлдвэрлэлийн хэлтэс,"Геологи, чанарын алба","Job_descriptions\_БТЕГ_ ХХК\Үйлдвэрлэлийн хэлтэс\Геологи, чанарын алба\2145-12_Инженер-Химийн.md"
job_description,d8cab7d6-e63e-4f14-a8f2-e9ee0013068d,Мэргэжилтэн-Хүний нөөцийн-Ахлах,1219-11,242,_БТЕГ_ ХХК,Захиргаа Удирдлагын хэлтэс,Хүний нөөцийн алба,Job_descriptions\_БТЕГ_ ХХК\Захиргаа Удирдлагын хэлтэс\Хүний нөөцийн алба\1219-11_Мэргэжилтэн-Хүний нөөцийн-Ахлах.md
job_description,ce58e44d-a1c1-43be-95db-30d0d32ff08b,ХҮНИЙ НӨӨЦИЙН МЭРГЭЖИЛТЭН-/Бүрдүүлэлт сонгон шалгаруулалт/,2423-16,243,Organization_unknown,No_department,No_unit,Job_descriptions\Organization_unknown\No_department\No_unit\2423-16_ХҮНИЙ НӨӨЦИЙН МЭРГЭЖИЛТЭН-_Бүрдүүлэлт сонгон шалгаруулалт_.md
job_description,ce0d6e62-8854-4ad3-a045-fa43440c543c,Мэргэжилтэн-Хүний нөөцийн,2423-16,234,_БТЕГ_ ХХК,Захиргаа Удирдлагын хэлтэс,Хүний нөөцийн алба,Job_descriptions\_БТЕГ_ ХХК\Захиргаа Удирдлагын хэлтэс\Хүний нөөцийн алба\2423-16_Мэргэжилтэн-Хүний нөөцийн.md
job_description,cd4352cb-f8fe-46fb-9cf1-61e5012d9bc6,Job,0000,000,Organization_unknown,No_department,No_unit,Job_descriptions\Organization_unknown\No_department\No_unit\0000_Job.md
job_description,c8ebc914-5314-4ceb-831c-980d06960781,Операторч-Экскаваторын-Гидро,8111-19,820,_БТЕГ_ ХХК,Үйлдвэрлэлийн хэлтэс,Зүүн олборлолтын алба,Job_descriptions\_БТЕГ_ ХХК\Үйлдвэрлэлийн хэлтэс\Зүүн олборлолтын алба\8111-19_Операторч-Экскаваторын-Гидро.md
job_description,c4d7ccf1-aade-46df-accc-d62bffe0be38,Засварчин-Цахилгаанчин-ХММ,7412-24,713,_БТЕГ_ ХХК,Үйлдвэрлэлийн хэлтэс,ХММЗасварын алба,Job_descriptions\_БТЕГ_ ХХК\Үйлдвэрлэлийн хэлтэс\ХММЗасварын алба\7412-24_Засварчин-Цахилгаанчин-ХММ.md
job_description,b1de75f5-01b4-4ac9-bc22-21f33878b6ef,Job,2146-11,105,Organization_unknown,No_department,No_unit,Job_descriptions\Organization_unknown\No_department\No_unit\2146-11_Job.md
job_description,aea543fe-7234-4a2d-8f98-8c7022e381d2,Дэд мэргэжилтэн-Дээж бутлагч,3116-16,313,_БТЕГ_ ХХК,Үйлдвэрлэлийн хэлтэс,"Геологи, чанарын алба","Job_descriptions\_БТЕГ_ ХХК\Үйлдвэрлэлийн хэлтэс\Геологи, чанарын алба\3116-16_Дэд мэргэжилтэн-Дээж бутлагч.md"
job_description,aa4c5843-1334-4187-8115-39f0b659d650,Инженер-Механикч-ТТ-Төлөвлөлт,2146-17,266,_БТЕГ_ ХХК,Үйлдвэрлэлийн хэлтэс,Тоног төхөөрөмж засварын алба,Job_descriptions\_БТЕГ_ ХХК\Үйлдвэрлэлийн хэлтэс\Тоног төхөөрөмж засварын алба\2146-17_Инженер-Механикч-ТТ-Төлөвлөлт.md
job_description,a679e1e7-cc32-4a1c-8430-71227e5939f7,Job,2146-17,104,Organization_unknown,No_department,No_unit,Job_descriptions\Organization_unknown\No_department\No_unit\2146-17_Job.md
job_description,a491f86a-74a4-4160-9997-53c16ea8fe10,Операторч-Зам индүүдэгч,8342-14,813,_БТЕГ_ ХХК,Үйлдвэрлэлийн хэлтэс,Авто тээврийн алба,Job_descriptions\_БТЕГ_ ХХК\Үйлдвэрлэлийн хэлтэс\Авто тээврийн алба\8342-14_Операторч-Зам индүүдэгч.md
job_description,a3f84cde-1c4b-4ac8-b568-e801fc154a12,Job,2144-35,214,Organization_unknown,No_department,No_unit,Job_descriptions\Organization_unknown\No_department\No_unit\2144-35_Job.md
job_description,a3c287c9-70e0-4c91-8265-81a5789ae8c7,Инженер-Ээлжийн-БҮ-Ахлах,2146-11,230,_БТЕГ_ ХХК,Үйлдвэрлэлийн хэлтэс,Баяжуулалтын алба,Job_descriptions\_БТЕГ_ ХХК\Үйлдвэрлэлийн хэлтэс\Баяжуулалтын алба\2146-11_Инженер-Ээлжийн-БҮ-Ахлах.md
job_description,a29a0f62-3d8f-4835-a6f0-db6f86c2178e,Дэд мэргэжилтэн-Лаборант,3116-16,312,_БТЕГ_ ХХК,Үйлдвэрлэлийн хэлтэс,"Геологи, чанарын алба","Job_descriptions\_БТЕГ_ ХХК\Үйлдвэрлэлийн хэлтэс\Геологи, чанарын алба\3116-16_Дэд мэргэжилтэн-Лаборант.md"
job_description,9e48b2fc-3574-4305-9a0f-96de3faa4433,Инженер-Цахилгааны-БҮ,2151-15,227,_БТЕГ_ ХХК,Үйлдвэрлэлийн хэлтэс,Тоног төхөөрөмж засварын алба,Job_descriptions\_БТЕГ_ ХХК\Үйлдвэрлэлийн хэлтэс\Тоног төхөөрөмж засварын алба\2151-15_Инженер-Цахилгааны-БҮ.md
job_description,98ccff32-f3fd-485d-b97b-75aa8e7c56d2,Job,2144-35,104,Organization_unknown,No_department,No_unit,Job_descriptions\Organization_unknown\No_department\No_unit\2144-35_Job.md
job_description,939ef374-39c2-4b5e-a3bf-52f9b315957b,Машинч-Баяжуулагч-БҮ,8111-20,808,_БТЕГ_ ХХК,Үйлдвэрлэлийн хэлтэс,Баяжуулалтын алба,Job_descriptions\_БТЕГ_ ХХК\Үйлдвэрлэлийн хэлтэс\Баяжуулалтын алба\8111-20_Машинч-Баяжуулагч-БҮ.md
job_description,92a5095c-fbb0-4354-a56f-9ec175ef5acd,Мэргэжилтэн-ХАБ-Сургалт,2424-14,239,_БТЕГ_ ХХК,Захиргаа Удирдлагын хэлтэс,Сургалт Хөгжүүлэлтийн алба,Job_descriptions\_БТЕГ_ ХХК\Захиргаа Удирдлагын хэлтэс\Сургалт Хөгжүүлэлтийн алба\2424-14_Мэргэжилтэн-ХАБ-Сургалт.md
job_description,8ae91518-c6c0-472c-89aa-71346fbbd112,Операторч-Экскаваторын-Цахилгаан Туслах,fdsaffdsa,sdafdsaf,_БТЕГ_ ХХК,Үйлдвэрлэлийн хэлтэс,No_unit,Job_descriptions\_БТЕГ_ ХХК\Үйлдвэрлэлийн хэлтэс\No_unit\fdsaffdsa_Операторч-Экскаваторын-Цахилгаан Туслах.md
job_description,81573af0-f90b-42fa-a7f0-18634a800032,Job,2146-11,105,Organization_unknown,No_department,No_unit,Job_descriptions\Organization_unknown\No_department\No_unit\2146-11_Job.md
job_description,814d0338-4fe3-4e39-ae13-ab0e04c75941,Job,7212-19,703,Organization_unknown,No_department,No_unit,Job_descriptions\Organization_unknown\No_department\No_unit\7212-19_Job.md
job_description,8005333d-d373-45db-9816-0ab470eafc80,Засварчин-Урсгал-БҮ,7412-21,706,_БТЕГ_ ХХК,Үйлдвэрлэлийн хэлтэс,Тоног төхөөрөмж засварын алба,Job_descriptions\_БТЕГ_ ХХК\Үйлдвэрлэлийн хэлтэс\Тоног төхөөрөмж засварын алба\7412-21_Засварчин-Урсгал-БҮ.md
job_description,7bd3b63c-4da5-4aba-82f0-79bcb440a1eb,Job,2114-20,104,Organization_unknown,No_department,No_unit,Job_descriptions\Organization_unknown\No_department\No_unit\2114-20_Job.md
job_description,785346ff-8a91-4aff-899d-78f2787aacdf,Job,2146-22,104,Organization_unknown,No_department,No_unit,Job_descriptions\Organization_unknown\No_department\No_unit\2146-22_Job.md
job_description,735b8b0c-1981-4d2e-9062-be38ea22a244,Инженер-Геотехникч,2142-12,208,_БТЕГ_ ХХК,Үйлдвэрлэлийн хэлтэс,Геотехникийн алба,Job_descriptions\_БТЕГ_ ХХК\Үйлдвэрлэлийн хэлтэс\Геотехникийн алба\2142-12_Инженер-Геотехникч.md
job_description,6f2e93c6-eaf6-49c7-a929-77fa460fff1d,Дарга-Албаны,1322-11,,_БТЕГ_ ХХК,Захиргаа Удирдлагын хэлтэс,Хүний нөөцийн алба,Job_descriptions\_БТЕГ_ ХХК\Захиргаа Удирдлагын хэлтэс\Хүний нөөцийн алба\1322-11_Дарга-Албаны.md
job_description,69f71ab5-86a1-4a1a-a621-465c2b1d08cf,Job,2146-11,104,Organization_unknown,No_department,No_unit,Job_descriptions\Organization_unknown\No_department\No_unit\2146-11_Job.md
job_description,6957d5f1-eb71-422d-8d08-f4b81a18db5b,Инженер-Маркшейдер-Ахлах,2146-22,209,_БТЕГ_ ХХК,Үйлдвэрлэлийн хэлтэс,Маркшейдерийн алба,Job_descriptions\_БТЕГ_ ХХК\Үйлдвэрлэлийн хэлтэс\Маркшейдерийн алба\2146-22_Инженер-Маркшейдер-Ахлах.md
job_description,5d8297af-d3f4-4f04-a545-4060adb854c4,"Дэд мэргэжилтэн-Хүний нөөцийн-Соёл,спорт",4416-12,314,_БТЕГ_ ХХК,Захиргаа Удирдлагын хэлтэс,Сургалт Хөгжүүлэлтийн алба,"Job_descriptions\_БТЕГ_ ХХК\Захиргаа Удирдлагын хэлтэс\Сургалт Хөгжүүлэлтийн алба\4416-12_Дэд мэргэжилтэн-Хүний нөөцийн-Соёл,спорт.md"
job_description,5a12791a-d6e0-4d9f-acd1-1715773169aa,Засварчин-Гагнуурчин-ХММ,7212-19,703,_БТЕГ_ ХХК,Үйлдвэрлэлийн хэлтэс,Ачилт буулгалтын алба,Job_descriptions\_БТЕГ_ ХХК\Үйлдвэрлэлийн хэлтэс\Ачилт буулгалтын алба\7212-19_Засварчин-Гагнуурчин-ХММ.md
job_description,53d3d726-2d23-4438-bc44-1c347a9aec66,Дарга-Орлогч,2114-20,104,_БТЕГ_ ХХК,Үйлдвэрлэлийн хэлтэс,Зүүн олборлолтын алба,Job_descriptions\_БТЕГ_ ХХК\Үйлдвэрлэлийн хэлтэс\Зүүн олборлолтын алба\2114-20_Дарга-Орлогч.md
job_description,5326553c-e5dc-42e6-8c5b-c8d0aa9da675,Машинч-Цахилгаан төхөөрөмжийн-БҮ,8111-21,824,_БТЕГ_ ХХК,Үйлдвэрлэлийн хэлтэс,Баяжуулалтын алба,Job_descriptions\_БТЕГ_ ХХК\Үйлдвэрлэлийн хэлтэс\Баяжуулалтын алба\8111-21_Машинч-Цахилгаан төхөөрөмжийн-БҮ.md
job_description,50316141-d5dd-4b65-b25a-6e1371fd498e,Инженер-Ээлжийн-Механикч-ХММ Ахлах,2144-35,216,_БТЕГ_ ХХК,Үйлдвэрлэлийн хэлтэс,Баруун олборлолтын алба,Job_descriptions\_БТЕГ_ ХХК\Үйлдвэрлэлийн хэлтэс\Баруун олборлолтын алба\2144-35_Инженер-Ээлжийн-Механикч-ХММ Ахлах.md
job_description,4d17b384-547d-4ee6-8b35-5959eafc188a,Инженер-Механикч-ТТ-Ашиглалт,2144-22,265,_БТЕГ_ ХХК,Үйлдвэрлэлийн хэлтэс,Тоног төхөөрөмж засварын алба,Job_descriptions\_БТЕГ_ ХХК\Үйлдвэрлэлийн хэлтэс\Тоног төхөөрөмж засварын алба\2144-22_Инженер-Механикч-ТТ-Ашиглалт.md
job_description,4acd6cf0-d8ce-4844-a97c-b2ba3fbe1324,Операторч-Бульдозерын-Гинжит,8342-13,811,_БТЕГ_ ХХК,Үйлдвэрлэлийн хэлтэс,Авто тээврийн алба,Job_descriptions\_БТЕГ_ ХХК\Үйлдвэрлэлийн хэлтэс\Авто тээврийн алба\8342-13_Операторч-Бульдозерын-Гинжит.md
job_description,473dc5d7-a68a-4f2f-86eb-a103ce076590,Инженер-Ээлжийн-БҮ,2146-11,232,_БТЕГ_ ХХК,Үйлдвэрлэлийн хэлтэс,Баяжуулалтын алба,Job_descriptions\_БТЕГ_ ХХК\Үйлдвэрлэлийн хэлтэс\Баяжуулалтын алба\2146-11_Инженер-Ээлжийн-БҮ.md
job_description,38a52905-91c9-4087-a1fe-81202fca614e,Job,2144-35,218,Organization_unknown,No_department,No_unit,Job_descriptions\Organization_unknown\No_department\No_unit\2144-35_Job.md
job_description,35d2a592-0c39-43ee-9d1e-f9eeacb40286,Инженер-Механикч-ХММ-Ашиглалт,2144-35,214,_БТЕГ_ ХХК,Үйлдвэрлэлийн хэлтэс,ХММЗасварын алба,Job_descriptions\_БТЕГ_ ХХК\Үйлдвэрлэлийн хэлтэс\ХММЗасварын алба\2144-35_Инженер-Механикч-ХММ-Ашиглалт.md
job_description,34dc3e8f-9e01-45c2-a054-9393cc302e35,[Ажилтан-Сургалт хариуцсан],0000,,Bteg HUuuchin,[Захиргааны хэлтэс],[Хүний нөөцийн алба],Job_descriptions\Bteg HUuuchin\[Захиргааны хэлтэс]\[Хүний нөөцийн алба]\0000_[Ажилтан-Сургалт хариуцсан].md
job_description,2f88de5f-26c9-4857-8ff0-b1f967d58d23,Инженер-Ээлжийн-Механикч-ХММ,2144-35,218,_БТЕГ_ ХХК,Үйлдвэрлэлийн хэлтэс,Зүүн олборлолтын алба,Job_descriptions\_БТЕГ_ ХХК\Үйлдвэрлэлийн хэлтэс\Зүүн олборлолтын алба\2144-35_Инженер-Ээлжийн-Механикч-ХММ.md
job_description,1bbd1b06-45d0-45d0-97e7-15c4ea2c8645,Засварчин-Цахилгаанчин-БҮ,7412-21,711,_БТЕГ_ ХХК,Үйлдвэрлэлийн хэлтэс,Тоног төхөөрөмж засварын алба,Job_descriptions\_БТЕГ_ ХХК\Үйлдвэрлэлийн хэлтэс\Тоног төхөөрөмж засварын алба\7412-21_Засварчин-Цахилгаанчин-БҮ.md
job_description,12a7c358-72a5-489a-b476-1b0452a1415a,Мэргэжилтэн-Сургагч багш-Уулын,2424-14,237,_БТЕГ_ ХХК,Захиргаа Удирдлагын хэлтэс,Сургалт Хөгжүүлэлтийн алба,Job_descriptions\_БТЕГ_ ХХК\Захиргаа Удирдлагын хэлтэс\Сургалт Хөгжүүлэлтийн алба\2424-14_Мэргэжилтэн-Сургагч багш-Уулын.md
job_description,1170f769-5e2a-43f1-9266-cf4de1b69143,Операторч-Ачигчийн,8111-19,810,_БТЕГ_ ХХК,Үйлдвэрлэлийн хэлтэс,Ачилт буулгалтын алба,Job_descriptions\_БТЕГ_ ХХК\Үйлдвэрлэлийн хэлтэс\Ачилт буулгалтын алба\8111-19_Операторч-Ачигчийн.md
job_description,0666655a-5725-4c13-8551-f34252b173f8,Инженер-Механикч-ТТ-Ахлах,0000,000,_БТЕГ_ ХХК,Үйлдвэрлэлийн хэлтэс,Тоног төхөөрөмж засварын алба,Job_descriptions\_БТЕГ_ ХХК\Үйлдвэрлэлийн хэлтэс\Тоног төхөөрөмж засварын алба\0000_Инженер-Механикч-ТТ-Ахлах.md
