type,id,name,approved_date,reference_code,target_type,target_name,clause_count,file
policy,41ff5200-8ec5-41c3-bbfb-cdf752810cfd,ЦАГ АГААРЫН ОНЦГОЙ НӨХЦӨЛД АЖИЛЛАХ ЖУРАМ reg_111,2025-10-17,???????,heltes,ХАБЭА-н хэлтэс,29,Policies\Department\ХАБЭА-н хэлтэс\________ЦАГ АГААРЫН ОНЦГОЙ НӨХЦӨЛД АЖИЛЛАХ ЖУРАМ reg_111.md
policy,eb12c8d7-cbe7-48b2-8d74-6eace255425f,АЯЛАЛЫН ҮЕД ДАГАЖ МӨРДӨХ ЖУРАМ reg_42,2025-09-05,04/15 ХАВСРАЛТ-1,alba,Хүний нөөцийн алба,88,Policies\Unit\Хүний нөөцийн алба\04_15 ХАВСРАЛТ-1_АЯЛАЛЫН ҮЕД ДАГАЖ МӨРДӨХ ЖУРАМ reg_42.md
policy,3e4777b4-3f6b-454c-aed8-4794ec0309ef,БАЯНГОЛ УУРХАЙН АЖИЛТНУУДЫН АЖЛЫН ЦАГ АШИГЛАЛТАНД ХЯНАЛТ ТАВИХ-reg 117,2025-09-05,4/16 ХАВСРАЛТ-1,alba,Хүний нөөцийн алба,50,Policies\Unit\Хүний нөөцийн алба\4_16 ХАВСРАЛТ-1_БАЯНГОЛ УУРХАЙН АЖИЛТНУУДЫН АЖЛЫН ЦАГ АШИГЛАЛТАНД ХЯНАЛТ ТАВИХ-reg 117.md
policy,14cff15a-eff9-4416-98cf-336c6c071f98,"ХАБЭА-Н ХЯНАЛТ, ШАЛГАЛТ ЯВУУЛАХ ЖУРАМ reg_72",2025-08-05,04/14,heltes,ХАБЭА-н хэлтэс,115,"Policies\Department\ХАБЭА-н хэлтэс\04_14_ХАБЭА-Н ХЯНАЛТ, ШАЛГАЛТ ЯВУУЛАХ ЖУРАМ reg_72.md"
policy,d4ebf07d-d292-440a-9cc9-10998bbe6e0a,ЦООЖ ПАЙЗНЫ СИСТЕМ АШИГЛАЛТЫН ЖУРАМ reg_92,2025-07-06,04/10-,heltes,ХАБЭА-н хэлтэс,68,Policies\Department\ХАБЭА-н хэлтэс\04_10-_ЦООЖ ПАЙЗНЫ СИСТЕМ АШИГЛАЛТЫН ЖУРАМ reg_92.md
policy,4565e72a-a5ec-40fc-8cf5-2435f3b6b3d6,УДИРДЛАГЫН ДЭРГЭДЭХ ЗАХИРГААНЫ ЗӨВЛӨЛИЙН ХУРЛЫГ ЗОХИОН БАЙГУУЛАХ ЖУРАМ-reg 87,2025-07-05,????,heltes,Захиргаа Удирдлагын хэлтэс,67,Policies\Department\Захиргаа Удирдлагын хэлтэс\_____УДИРДЛАГЫН ДЭРГЭДЭХ ЗАХИРГААНЫ ЗӨВЛӨЛИЙН ХУРЛЫГ ЗОХИОН БАЙГУУЛАХ ЖУРАМ-reg 87.md
policy,a193efa2-cab3-4da7-ace6-9abc42cef6ff,УУРХАЙН БҮСЭД СУУДЛЫН АВТОМАШИН ЖОЛООДОХ ЭРХ ОЛГОХ ЖУРАМ-reg 135,2025-07-05,04/11 2-р хавсралт,heltes,ХАБЭА-н хэлтэс,59,Policies\Department\ХАБЭА-н хэлтэс\04_11 2-р хавсралт_УУРХАЙН БҮСЭД СУУДЛЫН АВТОМАШИН ЖОЛООДОХ ЭРХ ОЛГОХ ЖУРАМ-reg 135.md
policy,589b3d89-a90e-4c08-8c71-e4309ac8599b,БҮРТГЭЛ ХЯНАЛТЫН АЛБАНЫ ҮЙЛ АЖИЛЛАГААНЫ ЖУРАМ - reg 84,2025-06-29,04/09 1-р хавсралт ???,alba,Бүртгэл хяналтын алба,417,Policies\Unit\Бүртгэл хяналтын алба\04_09 1-р хавсралт ____БҮРТГЭЛ ХЯНАЛТЫН АЛБАНЫ ҮЙЛ АЖИЛЛАГААНЫ ЖУРАМ - reg 84.md
policy,05d90792-f72f-4fe7-9d5f-3d1828d4ce65,ДРОН АШИГЛАХ ЖУРАМ,2025-06-12,7-Apr,alba,Геотехникийн алба,73,Policies\Unit\Геотехникийн алба\7-Apr_ДРОН АШИГЛАХ ЖУРАМ.md
policy,688298c0-5248-427c-95ca-06a38b424ce6,МЭДЭЭЛЛИЙН АЮУЛГҮЙ БАЙДЛЫГ ХАНГАХ ЖУРАМ-reg 74,2025-06-11,04/08 1-р хавсралт ???,alba,Бүртгэл хяналтын алба,132,Policies\Unit\Бүртгэл хяналтын алба\04_08 1-р хавсралт ____МЭДЭЭЛЛИЙН АЮУЛГҮЙ БАЙДЛЫГ ХАНГАХ ЖУРАМ-reg 74.md
policy,fe41c506-d7e3-4d83-a33f-e8d7b0a47871,ДОТООД ХЯНАЛТ ШАЛГАЛТЫГ ЗОХИОН БАЙГУУЛАХ ЖУРАМ reg_80,2025-03-15,04/03 Хавсралт-1,heltes,Дотоод хяналт шалгалтын хэлтэс,129,Policies\Department\Дотоод хяналт шалгалтын хэлтэс\04_03 Хавсралт-1_ДОТООД ХЯНАЛТ ШАЛГАЛТЫГ ЗОХИОН БАЙГУУЛАХ ЖУРАМ reg_80.md
policy,a722e743-7170-490e-962e-bdab4afb69e9,ЁС ЗҮЙН ХОРООНЫ АЖИЛЛАХ ЖУРАМ-reg_124,2025-03-14,04/04 ХАВСРАЛТ-1,heltes,Дотоод хяналт шалгалтын хэлтэс,97,Policies\Department\Дотоод хяналт шалгалтын хэлтэс\04_04 ХАВСРАЛТ-1_ЁС ЗҮЙН ХОРООНЫ АЖИЛЛАХ ЖУРАМ-reg_124.md
policy,8bae8a98-5cb5-4ad8-a42f-cfacea43e425,"АЖЛЫН ХУВЦАС, ХАМГААЛАХ ХЭРЭГСЭЛ ОЛГОХ ЖУРАМ- reg 110",2025-03-09,04/05 1-р хавсралт,heltes,ХАБЭА-н хэлтэс,30,"Policies\Department\ХАБЭА-н хэлтэс\04_05 1-р хавсралт_АЖЛЫН ХУВЦАС, ХАМГААЛАХ ХЭРЭГСЭЛ ОЛГОХ ЖУРАМ- reg 110.md"
policy,c764b8b1-b2b0-4782-a915-1284442f4f4e,ХАБЭА-Н ЗААВАРЧИЛГАА ӨГӨХ ЖУРАМ- reg 134,2025-02-23,04/02 1-р хавсралт,heltes,ХАБЭА-н хэлтэс,38,Policies\Department\ХАБЭА-н хэлтэс\04_02 1-р хавсралт_ХАБЭА-Н ЗААВАРЧИЛГАА ӨГӨХ ЖУРАМ- reg 134.md
policy,14a3d3c1-027a-4c5c-a7ba-2ed8d19dc60d,"ХӨДӨЛМӨРИЙН АЮУЛГҮЙ БАЙДАЛ, ЭРҮҮЛ АХУЙН НИЙТЛЭГ ЖУРАМ reg_115",2024-12-06,04/34,heltes,ХАБЭА-н хэлтэс,79,"Policies\Department\ХАБЭА-н хэлтэс\04_34_ХӨДӨЛМӨРИЙН АЮУЛГҮЙ БАЙДАЛ, ЭРҮҮЛ АХУЙН НИЙТЛЭГ ЖУРАМ reg_115.md"
policy,aa142d35-8f94-4342-a217-b2215b9673ee,"ТЕХНИК, ТОНОГ ТӨХӨӨРӨМЖИЙН ЗАСВАР АШИГЛАЛТЫН ЖУРАМ reg_67",2024-11-17,04/33,alba,ХММЗасварын алба,44,"Policies\Unit\ХММЗасварын алба\04_33_ТЕХНИК, ТОНОГ ТӨХӨӨРӨМЖИЙН ЗАСВАР АШИГЛАЛТЫН ЖУРАМ reg_67.md"
policy,24e1130a-f735-4163-bbba-fdb3a5fee955,ЭДИЙН ЗАСГИЙН АЛБАНЫ ҮЙЛ АЖИЛЛАГААНЫ ЖУРАМ -reg 99,2024-11-02,04/30 1-р хавсралт,alba,Эдийн засгийн алба,42,Policies\Unit\Эдийн засгийн алба\04_30 1-р хавсралт_ЭДИЙН ЗАСГИЙН АЛБАНЫ ҮЙЛ АЖИЛЛАГААНЫ ЖУРАМ -reg 99.md
policy,cc507189-5553-48e1-89ed-b0e3610fefdc,КЕМПЭД МӨРДӨХ ЖУРАМ reg_98,2024-10-09,24/21,heltes,Захиргаа Удирдлагын хэлтэс,130,Policies\Department\Захиргаа Удирдлагын хэлтэс\24_21_КЕМПЭД МӨРДӨХ ЖУРАМ reg_98.md
policy,18d11e6a-e7a0-423b-9b9f-542eae879685,"АЖИЛТНЫ МЭРГЭЖИЛ, УР ЧАДВАРЫН ТҮВШИН ТОГТООХ ЖУРАМ-reg 76",2024-10-06,27-Apr,alba,Хүний нөөцийн алба,68,"Policies\Unit\Хүний нөөцийн алба\27-Apr_АЖИЛТНЫ МЭРГЭЖИЛ, УР ЧАДВАРЫН ТҮВШИН ТОГТООХ ЖУРАМ-reg 76.md"
policy,39f237d4-7a3d-4136-8b56-7ed130d76d21,БАЯЖУУЛАЛТЫН АЛБАНЫ ҮЙЛ АЖИЛЛАГААНД ДАГАЖ МӨРДӨХ ЖУРАМ,2024-09-04,?,alba,Баяжуулалтын алба ,80,Policies\Unit\Баяжуулалтын алба\__БАЯЖУУЛАЛТЫН АЛБАНЫ ҮЙЛ АЖИЛЛАГААНД ДАГАЖ МӨРДӨХ ЖУРАМ.md
policy,701c2ce7-6d75-49b0-9d1c-2f95937f9b74,"АВТОКРАНААР ӨРГӨХ, АЧАА ШИЛЖҮҮЛЭХ АЖЛЫН АЮУЛГҮЙ АЖИЛЛАГААНЫ ЖУРАМ -reg 77 Үнэлгээ холбосон",2024-08-18,04/21 1-р хавсралт ,alba,ХММЗасварын алба,127,"Policies\Unit\ХММЗасварын алба\04_21 1-р хавсралт _АВТОКРАНААР ӨРГӨХ, АЧАА ШИЛЖҮҮЛЭХ АЖЛЫН АЮУЛГҮЙ АЖИЛЛАГААНЫ ЖУРАМ -reg 77 Үнэлгэ.md"
policy,3c4f475c-3029-47de-92cd-f57afa7288c2,ТЕХНОЛОГИЙН ДЭЭЖ АВАХ ЖУРАМ,2024-07-19,23-Apr,alba,Баяжуулалтын алба ,56,Policies\Unit\Баяжуулалтын алба\23-Apr_ТЕХНОЛОГИЙН ДЭЭЖ АВАХ ЖУРАМ.md
policy,a78f589a-3ccf-4570-9ea1-63a54d20310b,ТЕХНИКИЙН КОМИССЫН АЖИЛЛАХ ЖУРАМ - reg 96,2024-07-14,04/22 1-р хавсралт,heltes,Захиргаа Удирдлагын хэлтэс,85,Policies\Department\Захиргаа Удирдлагын хэлтэс\04_22 1-р хавсралт_ТЕХНИКИЙН КОМИССЫН АЖИЛЛАХ ЖУРАМ - reg 96.md
policy,34827be1-d1a5-427f-a7d6-25812dd7d42b,ГЕОТЕХНИКИЙН АЛБАНЫ ЖУРАМ ,2024-06-04,?1,alba,Геотехникийн алба,62,Policies\Unit\Геотехникийн алба\_1_ГЕОТЕХНИКИЙН АЛБАНЫ ЖУРАМ.md
policy,b993c84d-e78c-4863-a397-0b02e951f281,ГАЗАР ХӨНДӨХ ЗӨВШӨӨРӨЛ ОЛГОХ ЖУРАМ-reg 140 үнэлгээ холбосон,2024-05-29,04/18 1-р хавсралт,heltes,Байгаль орчны хэлтэс,31,Policies\Department\Байгаль орчны хэлтэс\04_18 1-р хавсралт_ГАЗАР ХӨНДӨХ ЗӨВШӨӨРӨЛ ОЛГОХ ЖУРАМ-reg 140 үнэлгээ холбосон.md
policy,7fbcceb5-f3fe-460c-85a2-a8ffdf10cdef,ХҮНИЙ НӨӨЦИЙН БҮРДҮҮЛЭЛТ СОНГОН ШАЛГАРУУЛАЛТЫН ЖУРАМ-reg 128,2024-04-25,14-Apr,alba,Хүний нөөцийн алба,172,Policies\Unit\Хүний нөөцийн алба\14-Apr_ХҮНИЙ НӨӨЦИЙН БҮРДҮҮЛЭЛТ СОНГОН ШАЛГАРУУЛАЛТЫН ЖУРАМ-reg 128.md
policy,23a0d342-b023-46e8-bafe-86fc24cbae42,"ҮЙЛДВЭРЛЭЛИЙН ОСОЛ, ХУРЦ ХОРДЛОГЫГ СУДЛАН БҮРТГЭХ ДҮРЭМ reg_70",2024-04-18,04/07 Хавсралт-1,heltes,ХАБЭА-н хэлтэс,73,"Policies\Department\ХАБЭА-н хэлтэс\04_07 Хавсралт-1_ҮЙЛДВЭРЛЭЛИЙН ОСОЛ, ХУРЦ ХОРДЛОГЫГ СУДЛАН БҮРТГЭХ ДҮРЭМ reg_70.md"
policy,91bfdfc4-ecef-456f-ae4c-9b1c85bc2238,АЖЛЫН БАЙРНЫ ТОХИРГОО ХИЙЛГЭХ КОМИСС АЖИЛЛАХ ЖУРАМ reg_71,2024-04-06,04/10,heltes,ХАБЭА-н хэлтэс,30,Policies\Department\ХАБЭА-н хэлтэс\04_10_АЖЛЫН БАЙРНЫ ТОХИРГОО ХИЙЛГЭХ КОМИСС АЖИЛЛАХ ЖУРАМ reg_71.md
policy,ce950120-4c95-4e67-a388-92a21651968f,БАЙГАЛЬ ОРЧНЫ ХЭЛТСИЙН ҮЙЛ АЖИЛЛАГААНЫ  ЖУРАМ-reg 141,2024-04-04,??????,heltes,Байгаль орчны хэлтэс,81,Policies\Department\Байгаль орчны хэлтэс\_______БАЙГАЛЬ ОРЧНЫ ХЭЛТСИЙН ҮЙЛ АЖИЛЛАГААНЫ ЖУРАМ-reg 141.md
policy,0521b402-5f51-4890-93c0-7c6a66c8c01b,ХАБЭА-ИЙН ҮЙЛ АЖИЛЛАГААНЫ ЖУРАМ- reg 97 Үнэлгээ холбосон,2024-04-02,04/09 1-р хавсралт,heltes,ХАБЭА-н хэлтэс,96,Policies\Department\ХАБЭА-н хэлтэс\04_09 1-р хавсралт_ХАБЭА-ИЙН ҮЙЛ АЖИЛЛАГААНЫ ЖУРАМ- reg 97 Үнэлгээ холбосон.md
policy,1932bf9c-b309-44e5-aa23-38ab7ea6bd37,ЦАЛИН ОЛГОХ ТУХАЙ ЖУРАМ- reg 127,2024-01-04,24/02,alba,Хүний нөөцийн алба,50,Policies\Unit\Хүний нөөцийн алба\24_02_ЦАЛИН ОЛГОХ ТУХАЙ ЖУРАМ- reg 127.md
policy,5bce2606-a7ee-402c-b596-a8cfa241ea4a,ХӨДӨЛМӨРИЙН ЭРҮҮЛ АХУЙН ТУХАЙ ЖУРАМ reg-73,2023-11-12,04/26 Хавсралт-1,uncategorized,Uncategorized,106,Policies\Uncategorized\Uncategorized\04_26 Хавсралт-1_ХӨДӨЛМӨРИЙН ЭРҮҮЛ АХУЙН ТУХАЙ ЖУРАМ reg-73.md
policy,7b9eb1fb-87bf-459e-bee1-a73c5e043371,ХӨДӨЛМӨРИЙН ДОТООД ЖУРАМ-reg 66,2023-11-12,??/??,heltes,Захиргаа Удирдлагын хэлтэс,329,Policies\Department\Захиргаа Удирдлагын хэлтэс\______ХӨДӨЛМӨРИЙН ДОТООД ЖУРАМ-reg 66.md
policy,ac7c88bf-cffb-408d-a27b-67a117e9f77e,ЯАРАЛТАЙ ТУСЛАМЖИЙН НЭГЖИЙН ЖУРАМ - reg 89 Үнэлгээ холбосон,2023-09-17,18-Apr,heltes,ХАБЭА-н хэлтэс,87,Policies\Department\ХАБЭА-н хэлтэс\18-Apr_ЯАРАЛТАЙ ТУСЛАМЖИЙН НЭГЖИЙН ЖУРАМ - reg 89 Үнэлгээ холбосон.md
policy,77a0679d-3e96-4a11-83ad-496ec92821c0,"ҮЙЛДВЭРЛЭЛИЙН ХЭЛТСИЙН ҮЙЛ АЖИЛЛАГААНЫ ЖУРАМ
",2023-07-22,13-Apr,heltes,Үйлдвэрлэлийн хэлтэс ,168,Policies\Department\Үйлдвэрлэлийн хэлтэс\13-Apr_ҮЙЛДВЭРЛЭЛИЙН ХЭЛТСИЙН ҮЙЛ АЖИЛЛАГААНЫ ЖУРАМ.md
policy,576f3425-dbb8-4756-8be1-ce12d53ebf30,АХМАДЫН ЗӨВЛӨЛИЙН АЖИЛЛАХ ЖУРАМ,2023-06-25,23/29 Хавсралт 2,heltes,Захиргаа Удирдлагын хэлтэс,21,Policies\Department\Захиргаа Удирдлагын хэлтэс\23_29 Хавсралт 2_АХМАДЫН ЗӨВЛӨЛИЙН АЖИЛЛАХ ЖУРАМ.md
policy,aa719440-48bf-474a-acdc-49e3acb4c03b,АХМАДЫН САН БАЙГУУЛАН АЖИЛЛАХ ЖУРАМ,2023-06-25,23/29 Хавсралт 1,heltes,Захиргаа Удирдлагын хэлтэс,34,Policies\Department\Захиргаа Удирдлагын хэлтэс\23_29 Хавсралт 1_АХМАДЫН САН БАЙГУУЛАН АЖИЛЛАХ ЖУРАМ.md
policy,fe20175d-676b-4b20-b340-65315983d4e5,ТӨЛӨВЛӨЛТ ХЯНАЛТЫН АЛБАНЫ ЖУРАМ,2023-04-04,04/07 2-р хавсралт,alba,Төлөвлөлт хяналтын алба,52,Policies\Unit\Төлөвлөлт хяналтын алба\04_07 2-р хавсралт_ТӨЛӨВЛӨЛТ ХЯНАЛТЫН АЛБАНЫ ЖУРАМ.md
policy,07c9fc32-5efc-4b2e-abc1-2f818c4bdce7,ЦАХИЛГААНЫ АЛБАНЫ ҮЙЛ АЖИЛЛАГААНЫ ЖУРАМ,2023-04-04,04/07 -р хавсралт,alba,Цахилгааны алба ,71,Policies\Unit\Цахилгааны алба\04_07 -р хавсралт_ЦАХИЛГААНЫ АЛБАНЫ ҮЙЛ АЖИЛЛАГААНЫ ЖУРАМ.md
policy,3b84c84c-1a60-4227-b20a-83e820680303,ӨРӨМДЛӨГ ТЭСЭЛГЭЭНИЙ АЖЛЫН ЖУРАМ,2023-04-04,04/07 4-р хавсралт,alba,Төлөвлөлт хяналтын алба,77,Policies\Unit\Төлөвлөлт хяналтын алба\04_07 4-р хавсралт_ӨРӨМДЛӨГ ТЭСЭЛГЭЭНИЙ АЖЛЫН ЖУРАМ.md
policy,94fb980f-1d54-41a5-92c8-793d27703532,ГЕОЛОГИ ЧАНАРЫН АЛБАНЫ ЖУРАМ,2023-04-04,04/07 6-р хавсралт,alba,"Геологи, чанарын алба",151,"Policies\Unit\Геологи, чанарын алба\04_07 6-р хавсралт_ГЕОЛОГИ ЧАНАРЫН АЛБАНЫ ЖУРАМ.md"
policy,a63c94b1-b3d5-42b4-8ba1-0587588c35a4,МАРКШЕЙДЕРИЙН АЛБАНЫ ЖУРАМ,2023-04-04,04/07 3-р хавсралт,alba,Маркшейдерийн алба,93,Policies\Unit\Маркшейдерийн алба\04_07 3-р хавсралт_МАРКШЕЙДЕРИЙН АЛБАНЫ ЖУРАМ.md
policy,93536a06-df96-4cca-9f08-33f790bf12eb,ХҮНИЙ НӨӨЦИЙН АЛБАНЫ ҮЙЛ АЖИЛЛАГААНЫ ЖУРАМ- reg 129,2023-03-30,6-Apr,alba,Хүний нөөцийн алба,126,Policies\Unit\Хүний нөөцийн алба\6-Apr_ХҮНИЙ НӨӨЦИЙН АЛБАНЫ ҮЙЛ АЖИЛЛАГААНЫ ЖУРАМ- reg 129.md
policy,2a08a680-e8b8-4a1c-9898-132fd42d5a81,"ЦАХИМ ШУУДАН АШИГЛАХ, БАРИМТ БИЧИГ ИЛГЭЭХ, ХҮЛЭЭН АВАХ ЖУРАМ-reg 78",2023-03-28,?04/04,heltes,Дотоод хяналт шалгалтын хэлтэс,73,"Policies\Department\Дотоод хяналт шалгалтын хэлтэс\_04_04_ЦАХИМ ШУУДАН АШИГЛАХ, БАРИМТ БИЧИГ ИЛГЭЭХ, ХҮЛЭЭН АВАХ ЖУРАМ-reg 78.md"
policy,02d1fcfd-0c05-4499-b907-4c33882c4e70,"СЭЛБЭГ ХЭРЭГСЭЛ, ТОС ТОСОЛГООНЫ МАТЕРИАЛЫН ЗОХИСТОЙ НӨӨЦ БҮРДҮҮЛЭХ, ЗАХИАЛГА ХИЙХ, ОРЛОГОД АВАХ, ЗАРЛАГА ГАРГАХ ТУХАЙ ЖУРАМ",2023-02-24,23-May,alba,ХММЗасварын алба,83,"Policies\Unit\ХММЗасварын алба\23-May_СЭЛБЭГ ХЭРЭГСЭЛ, ТОС ТОСОЛГООНЫ МАТЕРИАЛЫН ЗОХИСТОЙ НӨӨЦ БҮРДҮҮЛЭХ, ЗАХИАЛГА ХИЙХ, ОРЛОГОД АВ.md"
policy,7c08649b-6bcf-410f-a044-a1174a32ea02,АЮУЛЫГ МЭДЭЭЛЭХ ХУУДСЫГ АШИГЛАХ ЖУРАМ-reg 104 Үнэлгээ холбосон,2022-10-29,04/25 1-р хавсралт,heltes,ХАБЭА-н хэлтэс,15,Policies\Department\ХАБЭА-н хэлтэс\04_25 1-р хавсралт_АЮУЛЫГ МЭДЭЭЛЭХ ХУУДСЫГ АШИГЛАХ ЖУРАМ-reg 104 Үнэлгээ холбосон.md
policy,0df254a8-33dc-4d86-9675-68c6fa0c90e7,УУРХАЙН ГАЛЫН АЮУЛГҮЙ БАЙДЛЫГ ХАНГАХ НЭГДСЭН ЖУРАМ- reg 102 Үнэлгээ холбосон,2022-10-11,04/27 1-р хавсралт,uncategorized,Uncategorized,105,Policies\Uncategorized\Uncategorized\04_27 1-р хавсралт_УУРХАЙН ГАЛЫН АЮУЛГҮЙ БАЙДЛЫГ ХАНГАХ НЭГДСЭН ЖУРАМ- reg 102 Үнэлгээ холбосон.md
policy,21e545c9-754c-4888-bd4e-a48b6bb682c6,"ХАБЭА-Н СУРГАЛТ ЯВУУЛАХ, ШАЛГАЛТ АВАХ ЖУРАМ- reg 103 Үнэлгээ холбосон",2022-10-11,04/06 1-р хавсралт,heltes,ХАБЭА-н хэлтэс,109,"Policies\Department\ХАБЭА-н хэлтэс\04_06 1-р хавсралт_ХАБЭА-Н СУРГАЛТ ЯВУУЛАХ, ШАЛГАЛТ АВАХ ЖУРАМ- reg 103 Үнэлгээ холбосон.md"
policy,0e224cdd-8ce3-40d1-96ec-c24249c5b644,ГАЛЫН АЮУЛГҮЙ БАЙДЛЫГ ХАНГАХ НЭГДСЭН ЖУРАМ -reg 83 үнэлгээ холбосон,2022-10-11,04/27 1-р хавсралт ?,heltes,ХАБЭА-н хэлтэс,108,Policies\Department\ХАБЭА-н хэлтэс\04_27 1-р хавсралт __ГАЛЫН АЮУЛГҮЙ БАЙДЛЫГ ХАНГАХ НЭГДСЭН ЖУРАМ -reg 83 үнэлгээ холбосон.md
policy,98b73e66-3579-468c-bf4c-fd519f30c3fe,УУРХАЙН ЗАМЫН ХӨДӨЛГӨӨНИЙ ЖУРАМ-reg 101,2022-10-11,25-Apr,heltes,ХАБЭА-н хэлтэс,165,Policies\Department\ХАБЭА-н хэлтэс\25-Apr_УУРХАЙН ЗАМЫН ХӨДӨЛГӨӨНИЙ ЖУРАМ-reg 101.md
policy,a7e5f522-d7b9-4746-ac48-952135c19a36,БАЯНГОЛ УУРХАЙН БҮСЭД МӨРДӨХ АСГАРАЛТЫН ЖУРАМ -reg 136 үнэлгээ холбосон,2022-08-03,22-Apr,heltes,Байгаль орчны хэлтэс,28,Policies\Department\Байгаль орчны хэлтэс\22-Apr_БАЯНГОЛ УУРХАЙН БҮСЭД МӨРДӨХ АСГАРАЛТЫН ЖУРАМ -reg 136 үнэлгээ холбосон.md
policy,17625748-303a-49a0-a460-e96446b9bc7a,ЧӨЛӨӨ ОЛГОХ ТУХАЙ ЖУРАМ-reg 132,2022-03-21,22/09,alba,Хүний нөөцийн алба,50,Policies\Unit\Хүний нөөцийн алба\22_09_ЧӨЛӨӨ ОЛГОХ ТУХАЙ ЖУРАМ-reg 132.md
policy,1b38ab21-af7b-4934-b1e8-ad87ecc0eb1e,"САХИЛГЫН ШИЙТГЭЛ НОГДУУЛАХ, ТҮҮНД ГОМДОЛ ГАРГАХ ТУХАЙ ЖУРАМ- reg 121",2022-03-21,22/01???,alba,Хүний нөөцийн алба,99,"Policies\Unit\Хүний нөөцийн алба\22_01____САХИЛГЫН ШИЙТГЭЛ НОГДУУЛАХ, ТҮҮНД ГОМДОЛ ГАРГАХ ТУХАЙ ЖУРАМ- reg 121.md"
policy,08b16be3-cad3-458b-a49c-5a543df9786c,ЭЭЛЖ СОЛИЛЦОХ ҮЕД АЖИЛ ХҮЛЭЭЛЦЭХ ЖУРАМ-reg 31,2022-02-18,3-Apr,alba,Хүний нөөцийн алба,30,Policies\Unit\Хүний нөөцийн алба\3-Apr_ЭЭЛЖ СОЛИЛЦОХ ҮЕД АЖИЛ ХҮЛЭЭЛЦЭХ ЖУРАМ-reg 31.md
policy,82732800-c8d3-4a4c-af59-e0656c077e87,ХЯНАЛТЫН ТОНОГ ТӨХӨӨРӨМЖ АШИГЛАХ ЖУРАМ-reg 133 үнэлгээ холбосон,2021-12-31,22/01 6-р хавсралт,alba,Бүртгэл хяналтын алба,40,Policies\Unit\Бүртгэл хяналтын алба\22_01 6-р хавсралт_ХЯНАЛТЫН ТОНОГ ТӨХӨӨРӨМЖ АШИГЛАХ ЖУРАМ-reg 133 үнэлгээ холбосон.md
policy,9a174b93-88ed-4cfe-9017-6ccdcf6bfdb9,"АЖИЛТНЫ МЭДЭЭЛЛИЙГ ЦУГЛУУЛАХ, БОЛОВСРУУЛАХ, АШИГЛАХ ЖУРАМ-reg 120",2021-12-31,22/01??,alba,Хүний нөөцийн алба,93,"Policies\Unit\Хүний нөөцийн алба\22_01___АЖИЛТНЫ МЭДЭЭЛЛИЙГ ЦУГЛУУЛАХ, БОЛОВСРУУЛАХ, АШИГЛАХ ЖУРАМ-reg 120.md"
policy,e732b58c-77cf-4ddd-86c6-fb8bdd27ed2a,"НУУЦ ХАДГАЛАХ, НУУЦТАЙ ХАРЬЦАХ ЖУРАМ- reg 126",2021-12-31,22/01????,alba,Хүний нөөцийн алба,51,"Policies\Unit\Хүний нөөцийн алба\22_01_____НУУЦ ХАДГАЛАХ, НУУЦТАЙ ХАРЬЦАХ ЖУРАМ- reg 126.md"
policy,83b428ed-ce2f-40eb-829b-539dd8b9f42c,"АЖИЛ ЭРХЛЭЛТ ХӨДӨЛМӨРИЙН ХАРИЛЦААНД ДАРАМТ, ХҮЧИРХИЙЛЭЛ, БЭЛГИЙН ДАРАМТААС УРЬДЧИЛАН СЭРГИЙЛЭХ, ГАРГАСАН ГОМДЛЫГ ШИЙДВЭРЛЭХ ЖУРАМ-REG-116",2021-12-31,22/01,alba,Хүний нөөцийн алба,31,"Policies\Unit\Хүний нөөцийн алба\22_01_АЖИЛ ЭРХЛЭЛТ ХӨДӨЛМӨРИЙН ХАРИЛЦААНД ДАРАМТ, ХҮЧИРХИЙЛЭЛ, БЭЛГИЙН ДАРАМТААС УРЬДЧИЛАН СЭРГИЙЛЭХ.md"
policy,bd026083-38b7-4620-b690-eb7d9618ae7a,АЛБАН ТОМИЛОЛТЫН ЖУРАМ-reg 118,2021-12-31,22/01?,alba,Хүний нөөцийн алба,41,Policies\Unit\Хүний нөөцийн алба\22_01__АЛБАН ТОМИЛОЛТЫН ЖУРАМ-reg 118.md
policy,7c51f551-1efc-43dc-aa3e-0e8216ad8709,АВТО ТЭЭВРИЙН АЛБАНЫ ҮЙЛ АЖИЛЛАГААНЫ ЖУРАМ reg_65,2021-06-02,04/11,alba,Авто тээврийн алба,70,Policies\Unit\Авто тээврийн алба\04_11_АВТО ТЭЭВРИЙН АЛБАНЫ ҮЙЛ АЖИЛЛАГААНЫ ЖУРАМ reg_65.md
policy,7a6b4467-8e3f-4054-b561-b5f9134c91ec,АВТОМАШИН ЭЗЭМШИГЧ ДАГАЖ МӨРДӨХ ЖУРАМ- reg 105 Үнэлгээ холбосон,2021-05-04,04/08 1-р хавсралт,alba,Авто тээврийн алба,24,Policies\Unit\Авто тээврийн алба\04_08 1-р хавсралт_АВТОМАШИН ЭЗЭМШИГЧ ДАГАЖ МӨРДӨХ ЖУРАМ- reg 105 Үнэлгээ холбосон.md
policy,cd06f6a0-fec6-46a3-87fa-0834208e1414,"ХӨДӨЛМӨРИЙН АЮУЛГҮЙ БАЙДАЛ, ЭРҮҮЛ АХУЙН ЗӨВЛӨЛИЙН ЖУРАМ-reg 112",2021-03-10,04/05 1-р хавсралт ?,heltes,Захиргаа Удирдлагын хэлтэс,26,"Policies\Department\Захиргаа Удирдлагын хэлтэс\04_05 1-р хавсралт __ХӨДӨЛМӨРИЙН АЮУЛГҮЙ БАЙДАЛ, ЭРҮҮЛ АХУЙН ЗӨВЛӨЛИЙН ЖУРАМ-reg 112.md"
policy,4ddb70fe-2d77-4efa-a4a5-f963aea63317,БАЯНГОЛ УУРХАЙН КАРЬЕРТ ТҮЛШ ТҮГЭЭХ ЖУРАМ -reg 81,2021-03-07,????????,alba,Бүртгэл хяналтын алба,36,Policies\Unit\Бүртгэл хяналтын алба\_________БАЯНГОЛ УУРХАЙН КАРЬЕРТ ТҮЛШ ТҮГЭЭХ ЖУРАМ -reg 81.md
policy,37100197-a368-4f34-9be0-3bbdaaf4b452,БАЯНГОЛ УУРХАЙН ШАЛГАН НЭВТРҮҮЛЭХ ПОСТООР НЭВТРЭХ ҮЕД ДАГАЖ МӨРДӨХ ЖУРАМ -reg 114,2021-03-03,04/03 1-р хавсралт,heltes,Захиргаа Удирдлагын хэлтэс,31,Policies\Department\Захиргаа Удирдлагын хэлтэс\04_03 1-р хавсралт_БАЯНГОЛ УУРХАЙН ШАЛГАН НЭВТРҮҮЛЭХ ПОСТООР НЭВТРЭХ ҮЕД ДАГАЖ МӨРДӨХ ЖУРАМ -reg 114.md
policy,2ff3265b-b356-4318-89a7-1308cc0a8c8c,ШАГНАЛЫН ЖУРАМ reg_93,2020-11-24,01,heltes,Захиргаа Удирдлагын хэлтэс,148,Policies\Department\Захиргаа Удирдлагын хэлтэс\01_ШАГНАЛЫН ЖУРАМ reg_93.md
policy,615bc5c3-0d2c-4e2f-9aa4-0b65352e0425,"БАЯНГОЛ УУРХАЙД РАДИО ХОЛБОО ЗОХИОН БАЙГУУЛАХ, ГАР БОЛОН СУУРИН СТАНЦ АШИГЛАХ ЖУРАМ -reg 142 Үнэлгээ холбосон",2020-09-30,04/19 1-р хавсралт,alba,Бүртгэл хяналтын алба,24,"Policies\Unit\Бүртгэл хяналтын алба\04_19 1-р хавсралт_БАЯНГОЛ УУРХАЙД РАДИО ХОЛБОО ЗОХИОН БАЙГУУЛАХ, ГАР БОЛОН СУУРИН СТАНЦ АШИГЛАХ ЖУР.md"
policy,a0eca52a-7fbf-403a-b325-38068fb2de6c,"ХИМИЙН БОДИСЫГ ХАДГАЛАХ, АШИГЛАХ ЖУРАМ reg_91",2020-09-15,04/17 Хавсралт-1,alba,"Геологи, чанарын алба",69,"Policies\Unit\Геологи, чанарын алба\04_17 Хавсралт-1_ХИМИЙН БОДИСЫГ ХАДГАЛАХ, АШИГЛАХ ЖУРАМ reg_91.md"
policy,6a24a743-a18c-4b15-b4d3-49e2e6c09e50,ХИМИЙН ЛАБОРАТОРЫН ГАЛЫН АЮУЛГҮЙ БАЙДЛЫГ ХАНГАХ ЖУРАМ -reg 94 Үнэлгээ холбосон,2020-09-14,04/17 2-р хавсралт,alba,"Геологи, чанарын алба",51,"Policies\Unit\Геологи, чанарын алба\04_17 2-р хавсралт_ХИМИЙН ЛАБОРАТОРЫН ГАЛЫН АЮУЛГҮЙ БАЙДЛЫГ ХАНГАХ ЖУРАМ -reg 94 Үнэлгээ холбосон.md"
policy,215b720e-ff4d-4d68-b14d-938b0cbccd5e," ЁС ЗҮЙН ДҮРЭМ
",2020-08-21,04/04 Хавсралт 1,heltes,Дотоод хяналт шалгалтын хэлтэс,128,Policies\Department\Дотоод хяналт шалгалтын хэлтэс\04_04 Хавсралт 1_ ЁС ЗҮЙН ДҮРЭМ.md
policy,5dcaef9b-b325-4985-b608-e4b3031a5946,ҮЙЛ АЖИЛЛАГААНЫ ЯВЦАД ИЛЭРСЭН СОЁЛЫН ОЛДВОРЫН ҮЕД АЖИЛЛАХ ЖУРАМ- reg 138 үнэлгээ холбосон,2020-03-14,04/03-1 2-р хавсралт,heltes,Байгаль орчны хэлтэс,14,Policies\Department\Байгаль орчны хэлтэс\04_03-1 2-р хавсралт_ҮЙЛ АЖИЛЛАГААНЫ ЯВЦАД ИЛЭРСЭН СОЁЛЫН ОЛДВОРЫН ҮЕД АЖИЛЛАХ ЖУРАМ- reg 138 үнэлгэ.md
policy,0b479c22-1f96-406d-a73b-c55c75950e8b,"ХӨРС ХАМГААЛАХ, ХӨРСНИЙ ДОРОЙТОЛ, ЭВДРЭЛЭЭС УРЬДЧИЛАН СЭРГИЙЛЭХ, ХЯНАЛТ ТАВИХ ЖУРАМ-reg 137 үнэлгээ холбосон",2020-03-14,04/03-1 1-р хавсралт ,heltes,Байгаль орчны хэлтэс,25,"Policies\Department\Байгаль орчны хэлтэс\04_03-1 1-р хавсралт _ХӨРС ХАМГААЛАХ, ХӨРСНИЙ ДОРОЙТОЛ, ЭВДРЭЛЭЭС УРЬДЧИЛАН СЭРГИЙЛЭХ, ХЯНАЛТ ТАВИХ .md"
policy,9cdd4a23-b084-45e2-a148-03bd61a24311,АСГАРСАН БОДИСЫГ АЮУЛГҮЙЖҮҮЛЭХ ЖУРАМ-reg 139 үнэлгээ холбосон,2020-03-14,04/03-1 3-р хавсралт,heltes,Байгаль орчны хэлтэс,33,Policies\Department\Байгаль орчны хэлтэс\04_03-1 3-р хавсралт_АСГАРСАН БОДИСЫГ АЮУЛГҮЙЖҮҮЛЭХ ЖУРАМ-reg 139 үнэлгээ холбосон.md
policy,b8a6b191-4d56-4402-880b-d3cb6e01de43,"БАЯНГОЛ УУРХАЙН ЛАБОРАТОРИД АШИГЛАСАН ХИМИЙН БОДИСЫН ХАЯГДЛЫГ ХАДГАЛАХ, ТЭЭВЭРЛЭХ, УСТГАХ ЖУРАМ reg_82",2019-04-10,04/06 Хавсралт-1,uncategorized,Uncategorized,22,"Policies\Uncategorized\Uncategorized\04_06 Хавсралт-1_БАЯНГОЛ УУРХАЙН ЛАБОРАТОРИД АШИГЛАСАН ХИМИЙН БОДИСЫН ХАЯГДЛЫГ ХАДГАЛАХ, ТЭЭВЭРЛЭХ, .md"
